지점,지점명,일시,기온(°C),기온 QC플래그,강수량(mm),강수량 QC플래그,풍속(m/s),풍속 QC플래그,풍향(16방위),풍향 QC플래그,습도(%),습도 QC플래그,증기압(hPa),이슬점온도(°C),현지기압(hPa),현지기압 QC플래그,해면기압(hPa),해면기압 QC플래그,일조(hr),일조 QC플래그,일사(MJ/m2),일사 QC플래그,적설(cm),3시간신적설(cm),전운량(10분위),중하층운량(10분위),운형(운형약어),최저운고(100m ),시정(10m),지면상태(지면상태코드),현상번호(국내식),지면온도(°C),지면온도 QC플래그,5cm 지중온도(°C),10cm 지중온도(°C),20cm 지중온도(°C),30cm 지중온도(°C)
108,서울,2024-12-01 00:00,2.8,,,9,1.5,,50,,93,,6.9,1.7,1005,,1015.7,,,9,,9,5.3,,0,0,,,512,,19,.5,,3.6,3.7,5,6.3
108,서울,2024-12-01 01:00,2.5,,,,1.9,,20,,94,,6.9,1.6,1005.1,,1015.8,,,9,,9,5,,0,0,,,356,,19,.2,,3.5,3.6,4.9,6.2
108,서울,2024-12-01 02:00,2.3,,,,1.7,,20,,94,,6.8,1.4,1005.4,,1016.1,,,9,,9,5,,0,0,,,414,,19,0,,3.4,3.5,4.9,6.2
108,서울,2024-12-01 03:00,1.9,,,,2.5,,20,,95,,6.6,1.1,1005.7,,1016.4,,,9,,9,5,,0,0,,,297,,19,0,,3.3,3.4,4.9,6.2
108,서울,2024-12-01 04:00,1.7,,,,1.9,,50,,95,,6.5,.9,1005.7,,1016.4,,,9,,9,5,,0,0,,,386,,19,-.1,,3.2,3.4,4.9,6.2
108,서울,2024-12-01 05:00,1.7,,,,2.1,,70,,96,,6.6,1.1,1005.7,,1016.4,,,9,,9,5,,0,0,,,366,,19,-.1,,3.1,3.3,4.8,6.2
108,서울,2024-12-01 06:00,1.6,,,,2.5,,50,,97,,6.6,1.1,1005.7,,1016.4,,,9,,9,5,,3,3,Sc,9,269,,19,-.1,,3,3.2,4.8,6.2
108,서울,2024-12-01 07:00,2.3,,,,2.2,,50,,98,,7.1,2,1005.8,,1016.5,,,9,,9,4.8,,6,6,Sc,9,452,,19,.4,,3,3.2,4.7,6.1
108,서울,2024-12-01 08:00,2.7,,,,2.7,,50,,97,,7.2,2.2,1006,,1016.7,,0,,.03,,4.8,,6,0,Ci,,524,,19,.9,,3.1,3.2,4.7,6.1
108,서울,2024-12-01 09:00,3.6,,,,3.2,,50,,97,,7.6,3.1,1006.5,,1017.1,,0,,.26,,4.8,,9,7,StCi,2,466,,19,3.5,,3.3,3.3,4.7,6.2
108,서울,2024-12-01 10:00,4,,,,3.4,,50,,96,,7.8,3.4,1006.6,,1017.2,,0,,.47,,4.8,,9,6,StCi,2,449,,19,5.6,,3.6,3.7,4.8,6.2
108,서울,2024-12-01 11:00,5.2,,,,2.1,,70,,91,,8,3.8,1006.6,,1017.2,,.2,,.93,,4.7,,9,3,StCi,6,716,,19,9.1,,4.1,4.1,4.9,6.2
108,서울,2024-12-01 12:00,6.5,,,,2.8,,50,,83,,8,3.8,1005.8,,1016.3,,.9,,1.58,,4.2,,9,0,Ci,,869,,19,11.3,,4.9,4.7,4.9,6.2
108,서울,2024-12-01 13:00,7.3,,,,3,,50,,81,,8.2,4.2,1004.7,,1015.2,,.7,,1.43,,3.5,,9,0,Ci,,915,,19,11.5,,5.6,5.3,5,6.2
108,서울,2024-12-01 14:00,8,,,,2.3,,50,,79,,8.4,4.5,1004.2,,1014.6,,.4,,1.01,,3,,8,0,Ci,,924,,19,11.5,,6.1,5.8,5.2,6.2
108,서울,2024-12-01 15:00,8.1,,,,2.9,,50,,79,,8.5,4.6,1004,,1014.4,,.2,,.69,,2,,9,6,AcCi,30,955,,19,10,,6.6,6.2,5.4,6.3
108,서울,2024-12-01 16:00,8,,,,3.2,,50,,79,,8.4,4.5,1003.8,,1014.2,,0,,.45,,1.5,,9,2,ScCi,19,951,,19,8.5,,6.8,6.5,5.6,6.4
108,서울,2024-12-01 17:00,7.5,,,,3.3,,50,,81,,8.4,4.4,1003.6,,1014,,0,,.15,,1,,9,4,ScCi,19,937,,19,7,,6.8,6.6,5.8,6.5
108,서울,2024-12-01 18:00,7.2,,0,,2.8,,50,,83,,8.4,4.4,1003.6,,1014.1,,0,,.01,,.7,,7,2,ScAc,19,994,,1901,5.9,,6.6,6.5,6,6.6
108,서울,2024-12-01 19:00,6.7,,,9,2.6,,50,,85,,8.3,4.3,1003.8,,1014.3,,,9,,9,.6,,5,2,,19,1004,,19,4.7,,6.4,6.3,6.1,6.7
108,서울,2024-12-01 20:00,6.6,,,9,2.3,,50,,86,,8.4,4.4,1003.7,,1014.2,,,9,,9,.3,,9,5,,12,974,,19,5.3,,6.2,6.1,6.2,6.7
108,서울,2024-12-01 21:00,6.5,,.2,,1.7,,50,,88,,8.5,4.6,1003.7,,1014.2,,,9,,9,,,10,9,ScAs,10,786,,1901,5.5,,6.1,6.1,6.2,6.8
108,서울,2024-12-01 22:00,6.6,,,9,1.4,,50,,91,,8.8,5.2,1004.2,,1014.7,,,9,,9,,,10,9,ScAs,9,558,,1901,5.7,,6.1,6,6.2,6.8
108,서울,2024-12-01 23:00,6.4,,,9,2.1,,50,,91,,8.7,5,1004.1,,1014.6,,,9,,9,,,0,0,,,589,,1901,4.6,,6.1,6,6.2,6.9
108,서울,2024-12-02 00:00,5.8,,.3,,1.4,,50,,92,,8.4,4.5,1003.9,,1014.4,,,9,,9,,,0,0,,,501,,19,3.4,,5.9,5.9,6.2,6.9
108,서울,2024-12-02 01:00,5.5,,,,1.2,,50,,93,,8.4,4.4,1003.9,,1014.4,,,9,,9,,,0,0,,,460,,19,2.8,,5.6,5.7,6.2,6.9
108,서울,2024-12-02 02:00,5.1,,,,1,,50,,94,,8.2,4.2,1003.8,,1014.4,,,9,,9,,,0,0,,,370,,19,2.5,,5.3,5.4,6.2,6.9
108,서울,2024-12-02 03:00,4.9,,,,1.4,,50,,95,,8.2,4.1,1003.9,,1014.5,,,9,,9,,,0,0,,,390,,19,2.1,,5.1,5.2,6.1,6.9
108,서울,2024-12-02 04:00,4.8,,,,1,,50,,96,,8.2,4.2,1003.6,,1014.2,,,9,,9,,,0,0,,,415,,19,1.9,,4.9,5.1,6.1,6.9
108,서울,2024-12-02 05:00,4.8,,,,1.3,,70,,96,,8.2,4.2,1003.3,,1013.9,,,9,,9,,,0,0,,,433,,19,1.7,,4.7,4.9,6,6.9
108,서울,2024-12-02 06:00,4.7,,,,1,,50,,97,,8.2,4.2,1003.2,,1013.8,,,9,,9,,,6,6,Sc,7,435,,19,1.9,,4.6,4.8,5.9,6.9
108,서울,2024-12-02 07:00,5.1,,,,1.2,,50,,97,,8.5,4.6,1003.5,,1014.1,,,9,,9,,,8,8,Sc,5,448,,19,3.6,,4.6,4.7,5.8,6.7
108,서울,2024-12-02 08:00,5.2,,,,1.6,,50,,96,,8.5,4.6,1003.8,,1014.4,,0,,.02,,,,4,4,Sc,6,460,,19,3.1,,4.7,4.8,5.8,6.8
108,서울,2024-12-02 09:00,5.7,,,,1.8,,20,,97,,8.8,5.2,1003.7,,1014.2,,.1,,.22,,,,1,1,Sc,8,456,,19,4.8,,4.9,4.9,5.7,6.7
108,서울,2024-12-02 10:00,7.4,,,,1,,70,,95,,9.7,6.6,1003.8,,1014.3,,.9,,.69,,,,0,0,,,799,,19,8.2,,5.3,5.1,5.7,6.7
108,서울,2024-12-02 11:00,9.3,,,9,.8,,70,,88,,10.3,7.4,1003.7,,1014.1,,.8,,1.09,,,,10,7,ScAs,7,923,,1901,11.5,,6,5.7,5.7,6.7
108,서울,2024-12-02 12:00,10.8,,0,,1.3,,230,,89,,11.5,9,1003.3,,1013.6,,.2,,.65,,,,8,8,Sc,6,988,,1901,11.7,,6.8,6.4,5.8,6.7
108,서울,2024-12-02 13:00,12.1,,,9,3.6,,250,,84,,11.8,9.4,1002.9,,1013.2,,0,,.48,,,,8,8,Sc,7,796,,19,11.6,,7.6,7,6,6.7
108,서울,2024-12-02 14:00,12.9,,,9,2.1,,250,,79,,11.7,9.3,1002.7,,1012.9,,.1,,.87,,,,7,7,Sc,8,666,,19,13.6,,8.2,7.6,6.2,6.8
108,서울,2024-12-02 15:00,12.3,,,9,4,,250,,70,,9.9,6.9,1003.2,,1013.5,,.2,,.6,,,,6,6,Ac,47,646,,19,12.1,,8.6,8.2,6.4,6.9
108,서울,2024-12-02 16:00,11.6,,,9,5.1,,250,,70,,9.5,6.3,1003.9,,1014.2,,0,,.34,,,,8,6,ScAc,9,616,,4019,10,,8.8,8.4,6.7,7
108,서울,2024-12-02 17:00,10,,,9,4.2,,270,,68,,8.3,4.3,1004.9,,1015.3,,0,,.12,,,,2,1,ScCi,9,837,,40,7.6,,8.6,8.4,6.9,7.1
108,서울,2024-12-02 18:00,8.6,,,9,3.1,,270,,71,,7.9,3.6,1005.7,,1016.1,,0,,.01,,,,0,0,,,873,,40,5.5,,8.1,8,7,7.1
108,서울,2024-12-02 19:00,7.2,,,9,3.8,,250,,75,,7.6,3,1006.7,,1017.2,,,9,,9,,,1,1,,,1114,,40,4.4,,7.6,7.6,7.1,7.3
108,서울,2024-12-02 20:00,5.8,,,9,3.3,,290,,72,,6.6,1.1,1007.4,,1018,,,9,,9,,,0,0,,,1737,,,3.3,,7.1,7.1,7.2,7.4
108,서울,2024-12-02 21:00,3.9,,,9,3.4,,290,,52,,4.2,-5,1008.1,,1018.7,,,9,,9,,,0,0,,,3602,,,1.6,,6.5,6.7,7.1,7.5
108,서울,2024-12-02 22:00,2.5,,,9,2.4,,290,,52,,3.8,-6.3,1008.9,,1019.6,,,9,,9,,,0,0,,,4412,,,.4,,5.9,6.1,7.1,7.5
108,서울,2024-12-02 23:00,1.5,,,9,1.1,,70,,63,,4.3,-4.7,1009.6,,1020.4,,,9,,9,,,0,0,,,3325,,,-.2,,5.3,5.6,7,7.5
108,서울,2024-12-03 00:00,.6,,,9,1.3,,340,,68,,4.3,-4.6,1009.9,,1020.7,,,9,,9,,,0,0,,,3338,,,0,,4.8,5.2,6.8,7.5
108,서울,2024-12-03 01:00,.3,,,,1.3,,180,,66,,4.1,-5.3,1010.3,,1021.1,,,9,,9,,,0,0,,,3490,,,-.1,,4.4,4.8,6.6,7.5
108,서울,2024-12-03 02:00,-.4,,,,2,,320,,67,,4,-5.7,1010.7,,1021.6,,,9,,9,,,0,0,,,3816,,,-.1,,4.1,4.4,6.4,7.4
108,서울,2024-12-03 03:00,-1.1,,,,1.1,,270,,66,,3.7,-6.6,1011.3,,1022.2,,,9,,9,,,0,0,,,4085,,,-.2,,3.8,4.2,6.3,7.4
108,서울,2024-12-03 04:00,-1.4,,,,2,,320,,64,,3.5,-7.3,1011.5,,1022.4,,,9,,9,,,3,0,Ci,,4136,,,-.3,,3.5,3.9,6.1,7.3
108,서울,2024-12-03 05:00,-1.8,,,,.8,,50,,64,,3.4,-7.7,1011.4,,1022.3,,,9,,9,,,2,0,Ci,,4144,,,-.4,,3.2,3.7,6,7.2
108,서울,2024-12-03 06:00,-2.2,,,,2.4,,270,,62,,3.2,-8.5,1011.3,,1022.2,,,9,,9,,,5,0,Ci,,4526,,,-.6,,3,3.5,5.8,7.1
108,서울,2024-12-03 07:00,-2,,,,2.5,,290,,62,,3.3,-8.3,1011.9,,1022.8,,,9,,9,,,4,0,Ci,,4086,,,-.8,,2.9,3.3,5.6,7
108,서울,2024-12-03 08:00,-2.3,,,,2.7,,290,,60,,3.1,-9,1012.7,,1023.7,,.1,,.05,,,,7,2,AcCi,48,4076,,,-.8,,2.7,3.1,5.5,6.9
108,서울,2024-12-03 09:00,-1.8,,,,2.6,,270,,58,,3.1,-8.9,1013.7,,1024.6,,.9,,.45,,,,4,0,Ci,,3663,,,-.7,,2.6,3,5.3,6.8
108,서울,2024-12-03 10:00,-.6,,,,3.4,,290,,46,,2.7,-10.8,1013.7,,1024.6,,1,,1.06,,,,7,0,Ci,,4640,,,-.3,,2.7,2.9,5.1,6.6
108,서울,2024-12-03 11:00,1.4,,,,3.3,,270,,41,,2.8,-10.4,1014,,1024.8,,1,,1.21,,,,5,0,Ci,,4764,,,-.3,,2.8,3,5.2,6.7
108,서울,2024-12-03 12:00,2.7,,,,3.9,,290,,30,,2.2,-13.1,1013.7,,1024.5,,1,,1.95,,,,3,0,Ci,,4765,,,3.4,,3.2,3.3,5.3,7
108,서울,2024-12-03 13:00,3.9,,,,3.7,,320,,27,,2.2,-13.4,1013.6,,1024.3,,1,,2.09,,,,3,0,Ci,,4420,,,9.3,,3.5,3.5,5.6,7
108,서울,2024-12-03 14:00,4.6,,,,3.2,,290,,31,,2.6,-11.1,1012.6,,1023.3,,1,,1.91,,,,0,0,,,4103,,,9,,4,3.8,5.6,6.9
108,서울,2024-12-03 15:00,5.2,,,,3.2,,270,,28,,2.5,-11.8,1012.5,,1023.2,,1,,1.54,,,,0,0,,,4390,,,5.3,,4.3,4,5.6,6.8
108,서울,2024-12-03 16:00,4.8,,,,3.1,,290,,28,,2.4,-12.2,1012.2,,1022.9,,1,,.97,,,,0,0,,,4324,,,2.9,,4.4,4.2,5.6,6.8
108,서울,2024-12-03 17:00,3.7,,,,2.8,,250,,33,,2.6,-11.1,1012.1,,1022.8,,.9,,.37,,,,0,0,,,4777,,,.6,,4.3,4.2,5.6,6.8
108,서울,2024-12-03 18:00,2.7,,,,2.4,,270,,36,,2.7,-10.9,1012.4,,1023.1,,0,,.01,,,,0,0,,,4924,,,-.1,,4,4.1,5.7,6.8
108,서울,2024-12-03 19:00,2.8,,,,2.1,,270,,42,,3.1,-8.8,1012.5,,1023.2,,,9,,9,,,8,8,,13,4348,,,0,,3.8,3.9,5.8,6.8
108,서울,2024-12-03 20:00,2.6,,,,1.8,,270,,42,,3.1,-9,1012.7,,1023.4,,,9,,9,,,7,7,,11,4109,,,.1,,3.7,3.8,5.7,6.8
108,서울,2024-12-03 21:00,2.2,,,,1.7,,270,,47,,3.4,-7.9,1012.2,,1023,,,9,,9,,,3,3,Sc,9,4532,,,-.1,,3.5,3.7,5.7,6.8
108,서울,2024-12-03 22:00,2.1,,,,1,,270,,51,,3.6,-7,1012.3,,1023.1,,,9,,9,,,8,8,,8,4362,,,0,,3.4,3.5,5.7,6.8
108,서울,2024-12-03 23:00,2.6,,,9,1.5,,290,,56,,4.1,-5.3,1012.4,,1023.1,,,9,,9,,,9,9,Sc,11,4352,,05,.2,,3.3,3.5,5.6,6.8
108,서울,2024-12-04 00:00,2.9,,0,,1.4,,290,,62,,4.7,-3.6,1012.4,,1023.1,,,9,,9,,,9,9,Sc,7,3254,,05,.8,,3.4,3.5,5.5,6.8
108,서울,2024-12-04 01:00,2.9,,,9,.5,,360,,68,,5.1,-2.4,1012.5,,1023.2,,,9,,9,,,8,8,Sc,7,3503,,05,.9,,3.4,3.5,5.5,6.7
108,서울,2024-12-04 02:00,2.7,,,9,1.3,,270,,72,,5.4,-1.8,1012.7,,1023.4,,,9,,9,,,7,7,,4,3188,,,.6,,3.4,3.5,5.4,6.7
108,서울,2024-12-04 03:00,2.2,,0,,1.4,,320,,73,,5.2,-2.1,1013.1,,1023.9,,,9,,9,,,2,2,Sc,10,3227,,,-.1,,3.3,3.4,5.4,6.7
108,서울,2024-12-04 04:00,1.6,,,9,2.2,,320,,57,,3.9,-6,1012.7,,1023.5,,,9,,9,,,0,0,,,4248,,,-.2,,3.1,3.3,5.4,6.6
108,서울,2024-12-04 05:00,1.3,,,9,2.7,,320,,46,,3.1,-9,1012.6,,1023.4,,,9,,9,,,0,0,,,4608,,,-.4,,2.9,3.2,5.3,6.6
108,서울,2024-12-04 06:00,.7,,,9,2.6,,340,,45,,2.9,-9.9,1012.3,,1023.1,,,9,,9,,,0,0,,,4794,,,-.6,,2.8,3,5.3,6.6
108,서울,2024-12-04 07:00,-.2,,,9,.6,,290,,57,,3.4,-7.7,1012.5,,1023.4,,,9,,9,,,0,0,,,4240,,,-.9,,2.6,2.9,5.2,6.5
108,서울,2024-12-04 08:00,-.5,,,9,.6,,360,,51,,3,-9.4,1012.6,,1023.5,,.3,,.04,,,,1,0,Ci,,4558,,,-1,,2.5,2.8,5.1,6.5
108,서울,2024-12-04 09:00,.2,,,9,.8,,360,,49,,3,-9.2,1012.8,,1023.7,,1,,.4,,,,0,0,,,4423,,,-.6,,2.4,2.7,5,6.4
108,서울,2024-12-04 10:00,2.5,,,9,2.4,,290,,31,,2.3,-12.9,1013,,1023.8,,1,,1.06,,,,0,0,,,4563,,,0,,2.4,2.6,5,6.4
108,서울,2024-12-04 11:00,3.8,,,9,2.4,,320,,31,,2.5,-11.8,1012.9,,1023.6,,1,,1.57,,,,0,0,,,4431,,,2.3,,2.5,2.6,4.9,6.3
108,서울,2024-12-04 12:00,5.1,,,9,2.8,,270,,34,,3,-9.5,1012.1,,1022.8,,1,,1.91,,,,3,0,Ci,,3859,,,8.9,,2.9,2.9,4.8,6.3
108,서울,2024-12-04 13:00,5.4,,,9,2.8,,290,,34,,3,-9.2,1011.1,,1021.7,,.9,,1.71,,,,2,0,Ci,,3927,,,10.1,,3.5,3.2,4.8,6.2
108,서울,2024-12-04 14:00,6.4,,,9,3.2,,270,,37,,3.6,-7.2,1010.4,,1021,,1,,1.83,,,,0,0,,,3739,,,10.1,,4.1,3.6,4.9,6.2
108,서울,2024-12-04 15:00,6.8,,,9,3.3,,250,,38,,3.8,-6.5,1009.6,,1020.1,,1,,1.46,,,,2,0,Ci,,3622,,,6.4,,4.5,3.9,4.9,6.2
108,서울,2024-12-04 16:00,6.6,,,9,3.5,,250,,41,,4,-5.7,1009.4,,1020,,1,,.85,,,,2,0,Ci,,3718,,,4.2,,4.6,4.2,5,6.2
108,서울,2024-12-04 17:00,5.2,,,9,2.4,,270,,46,,4.1,-5.5,1009.1,,1019.7,,.7,,.28,,,,1,0,Ci,,3512,,,1.7,,4.6,4.3,5.2,6.2
108,서울,2024-12-04 18:00,4.3,,,9,2.8,,270,,52,,4.3,-4.7,1008.8,,1019.4,,0,,.01,,,,0,0,,,3247,,,.6,,4.3,4.2,5.3,6.3
108,서울,2024-12-04 19:00,3.7,,,9,2.6,,250,,55,,4.4,-4.5,1008.9,,1019.6,,,9,,9,,,0,0,,,3127,,,0,,4,4,5.4,6.3
108,서울,2024-12-04 20:00,3.2,,,9,2.4,,250,,59,,4.5,-4,1009,,1019.7,,,9,,9,,,0,0,,,2939,,,.3,,3.7,3.8,5.4,6.3
108,서울,2024-12-04 21:00,3,,,9,2.3,,250,,62,,4.7,-3.5,1009.4,,1020.1,,,9,,9,,,0,0,,,3071,,,.1,,3.4,3.6,5.4,6.4
108,서울,2024-12-04 22:00,2.9,,,9,2.3,,250,,65,,4.9,-3,1009.2,,1019.9,,,9,,9,,,0,0,,,2896,,,0,,3.2,3.4,5.4,6.4
108,서울,2024-12-04 23:00,2.5,,,9,1.7,,270,,66,,4.8,-3.2,1009.1,,1019.8,,,9,,9,,,7,4,,13,2751,,,0,,3.1,3.3,5.3,6.4
108,서울,2024-12-05 00:00,2.4,,,9,2.4,,320,,64,,4.6,-3.7,1008.8,,1019.5,,,9,,9,,,3,3,,,2464,,,-.2,,3,3.2,5.3,6.4
108,서울,2024-12-05 01:00,2,,,,2.3,,340,,59,,4.2,-5.1,1008.3,,1019,,,9,,9,,,0,0,,,3956,,,-.3,,2.9,3.1,5.2,6.4
108,서울,2024-12-05 02:00,2,,,,2.4,,320,,57,,4,-5.6,1008,,1018.7,,,9,,9,,,3,1,,,4534,,,-.5,,2.8,3,5.1,6.3
108,서울,2024-12-05 03:00,1.5,,,,.9,,270,,60,,4.1,-5.4,1008,,1018.7,,,9,,9,,,4,4,Sc,18,3825,,,-.7,,2.7,2.9,5.1,6.3
108,서울,2024-12-05 04:00,1.2,,,,1.6,,320,,62,,4.2,-5.2,1007.1,,1017.9,,,9,,9,,,2,2,Sc,18,4032,,,-.9,,2.5,2.8,5,6.3
108,서울,2024-12-05 05:00,1.2,,,,1.6,,250,,64,,4.3,-4.8,1006.6,,1017.3,,,9,,9,,,7,7,Sc,17,4630,,,-.7,,2.5,2.7,4.9,6.2
108,서울,2024-12-05 06:00,.5,,,,1.5,,50,,69,,4.4,-4.5,1006.5,,1017.3,,,9,,9,,,0,0,,,3710,,,-1.1,,2.4,2.6,4.9,6.2
108,서울,2024-12-05 07:00,-.1,,,,1.6,,360,,71,,4.3,-4.7,1006.9,,1017.7,,,9,,9,,,0,0,,,3135,,,-1.3,,2.3,2.5,4.8,6.1
108,서울,2024-12-05 08:00,0,,,,.8,,340,,69,,4.2,-5,1007.1,,1017.9,,.2,,.03,,,,0,0,,,3185,,,-1.3,,2.2,2.4,4.7,6.1
108,서울,2024-12-05 09:00,.9,,,,.8,,50,,69,,4.5,-4.1,1007.1,,1017.9,,1,,.42,,,,0,0,,,3022,,,-.7,,2.1,2.4,4.7,6
108,서울,2024-12-05 10:00,3.4,,,,2.1,,290,,60,,4.7,-3.6,1007.3,,1018,,1,,.99,,,,0,0,,,4299,,,-.3,,2.2,2.3,4.6,6
108,서울,2024-12-05 11:00,5.2,,,,1.9,,290,,39,,3.5,-7.6,1007,,1017.6,,1,,1.6,,,,0,0,,,4710,,,.7,,2.2,2.4,4.5,5.9
108,서울,2024-12-05 12:00,7.2,,,,3.4,,250,,34,,3.5,-7.6,1005.9,,1016.4,,1,,1.91,,,,0,0,,,4091,,,8.7,,2.7,2.6,4.5,5.9
108,서울,2024-12-05 13:00,8.2,,,,3,,250,,37,,4,-5.6,1005.2,,1015.6,,1,,1.98,,,,0,0,,,4414,,,11.2,,3.4,3,4.5,5.8
108,서울,2024-12-05 14:00,8.2,,,,4.8,,270,,40,,4.3,-4.6,1004.6,,1015,,.8,,1.51,,,,3,3,Sc,15,4614,,,8.3,,4.2,3.6,4.5,5.8
108,서울,2024-12-05 15:00,8.2,,,,3.8,,230,,47,,5.1,-2.4,1004.2,,1014.6,,.5,,1.03,,,,8,8,Sc,14,3797,,,7.3,,4.7,4,4.6,5.8
108,서울,2024-12-05 16:00,8,,,,3.6,,200,,55,,5.9,-.5,1003.8,,1014.2,,.2,,.4,,,,8,8,Sc,10,3556,,,5.3,,5,4.4,4.8,5.8
108,서울,2024-12-05 17:00,5,,,9,2.4,,230,,85,,7.4,2.6,1004.3,,1014.9,,0,,.02,,,,8,8,Sc,9,1186,,01,3.9,,5,4.6,4.9,5.8
108,서울,2024-12-05 18:00,4.9,,1.8,,2.3,,230,,84,,7.3,2.4,1004.4,,1015,,0,,0,,,,1,1,Sc,10,1853,,,2,,4.8,4.5,5.1,5.9
108,서울,2024-12-05 19:00,4.7,,,9,2.4,,250,,82,,7,1.8,1004.5,,1015.1,,,9,,9,,,0,0,,,2002,,,1.3,,4.5,4.4,5.2,5.9
108,서울,2024-12-05 20:00,4.6,,,9,3,,250,,73,,6.2,.1,1005.1,,1015.7,,,9,,9,,,0,0,,,2775,,,.8,,4.2,4.2,5.2,6
108,서울,2024-12-05 21:00,4,,,9,1.1,,230,,71,,5.8,-.7,1005.6,,1016.2,,,9,,9,,,0,0,,,2561,,,.1,,4,4,5.3,6.1
108,서울,2024-12-05 22:00,3.6,,,9,2.2,,270,,75,,5.9,-.4,1005.8,,1016.4,,,9,,9,,,7,0,,,2259,,,.4,,3.7,3.8,5.3,6.1
108,서울,2024-12-05 23:00,4.1,,,9,2.2,,250,,69,,5.7,-1,1005.7,,1016.3,,,9,,9,,,9,8,,12,3170,,,.7,,3.6,3.6,5.2,6.1
108,서울,2024-12-06 00:00,4.2,,,9,2.4,,270,,68,,5.6,-1.1,1006.1,,1016.7,,,9,,9,,,7,7,Sc,14,3475,,,1.1,,3.5,3.6,5.2,6.1
108,서울,2024-12-06 01:00,3.9,,,,1.6,,290,,72,,5.8,-.6,1006.7,,1017.3,,,9,,9,,,4,1,,19,2747,,,.2,,3.5,3.5,5.1,6.1
108,서울,2024-12-06 02:00,2.8,,,,.9,,230,,70,,5.2,-2.1,1007.1,,1017.8,,,9,,9,,,0,0,,,2900,,,.3,,3.4,3.5,5.1,6.1
108,서울,2024-12-06 03:00,2.4,,,,2.5,,320,,67,,4.9,-3.1,1007.6,,1018.3,,,9,,9,,,0,0,,,2918,,,.1,,3.2,3.3,5.1,6.1
108,서울,2024-12-06 04:00,1.8,,,,.9,,340,,62,,4.3,-4.7,1008,,1018.7,,,9,,9,,,0,0,,,3503,,,-.2,,3,3.1,5,6.1
108,서울,2024-12-06 05:00,1.5,,,,1.3,,250,,54,,3.7,-6.8,1007.9,,1018.6,,,9,,9,,,2,2,Sc,15,3621,,,-.6,,2.8,3,5,6.1
108,서울,2024-12-06 06:00,1.2,,,,1.1,,270,,53,,3.5,-7.3,1008.1,,1018.9,,,9,,9,,,1,1,Sc,17,3726,,,-1,,2.7,2.9,4.9,6
108,서울,2024-12-06 07:00,.8,,,,1.8,,320,,54,,3.5,-7.4,1008.4,,1019.2,,,9,,9,,,0,0,,,4028,,,-1.3,,2.5,2.8,4.8,6
108,서울,2024-12-06 08:00,0,,,,1.6,,340,,58,,3.6,-7.2,1008.8,,1019.6,,.2,,.03,,,,0,0,,,3412,,,-1.5,,2.4,2.6,4.8,6
108,서울,2024-12-06 09:00,.8,,,,3,,320,,48,,3.1,-8.9,1009.5,,1020.3,,1,,.41,,,,0,0,,,3467,,,-1,,2.3,2.5,4.7,5.9
108,서울,2024-12-06 10:00,2.1,,,,3,,270,,43,,3,-9.2,1009.9,,1020.6,,1,,1.09,,,,0,0,,,3707,,,-.3,,2.3,2.5,4.6,5.9
108,서울,2024-12-06 11:00,3.5,,,,3.7,,250,,42,,3.3,-8.2,1009.9,,1020.6,,1,,1.59,,,,0,0,,,4003,,,.2,,2.3,2.5,4.5,5.8
108,서울,2024-12-06 12:00,4.2,,,,3,,270,,40,,3.3,-8.2,1009.6,,1020.2,,1,,1.91,,,,0,0,,,3215,,,7.7,,2.6,2.6,4.5,5.8
108,서울,2024-12-06 13:00,5.2,,,,3.1,,270,,37,,3.3,-8.3,1009.1,,1019.7,,1,,2.01,,,,0,0,,,3919,,,9.6,,3,2.9,4.5,5.8
108,서울,2024-12-06 14:00,5,,,,3.9,,270,,34,,3,-9.5,1009.5,,1020.1,,1,,1.88,,,,0,0,,,4055,,,7.9,,3.5,3.2,4.5,5.7
108,서울,2024-12-06 15:00,4.8,,,,5.4,,270,,33,,2.8,-10.1,1009.8,,1020.4,,1,,1.53,,,,0,0,,,3812,,,4.5,,3.8,3.4,4.5,5.7
108,서울,2024-12-06 16:00,4.7,,,,3.6,,320,,40,,3.4,-7.7,1009.9,,1020.5,,1,,.9,,,,0,0,,,4098,,,2.7,,3.8,3.5,4.6,5.7
108,서울,2024-12-06 17:00,3.6,,,,3,,290,,45,,3.6,-7.2,1010.4,,1021.1,,.9,,.33,,,,0,0,,,3486,,,.5,,3.8,3.5,4.7,5.7
108,서울,2024-12-06 18:00,2.7,,,,2.5,,270,,46,,3.4,-7.7,1011,,1021.7,,0,,.01,,,,0,0,,,3745,,,.4,,3.5,3.4,4.8,5.7
108,서울,2024-12-06 19:00,1.9,,,,3,,320,,44,,3.1,-9,1011.7,,1022.5,,,9,,9,,,1,1,,,4255,,,.1,,3.2,3.2,4.8,5.8
108,서울,2024-12-06 20:00,1.1,,,,1.1,,340,,47,,3.1,-8.9,1012.1,,1022.9,,,9,,9,,,1,1,,,4284,,,-.3,,3,3.1,4.8,5.8
108,서울,2024-12-06 21:00,.7,,,,2.5,,340,,51,,3.3,-8.3,1012.8,,1023.6,,,9,,9,,,0,0,,,4287,,,-1,,2.8,2.9,4.8,5.8
108,서울,2024-12-06 22:00,.4,,,,2.9,,320,,55,,3.5,-7.6,1013.3,,1024.2,,,9,,9,,,1,1,,,4041,,,-1.3,,2.6,2.8,4.8,5.8
108,서울,2024-12-06 23:00,-.1,,,,2.6,,320,,57,,3.5,-7.6,1013.7,,1024.6,,,9,,9,,,0,0,,,4017,,,-1.6,,2.5,2.7,4.7,5.8
108,서울,2024-12-07 00:00,-.4,,,,1.9,,320,,56,,3.3,-8.1,1013.5,,1024.4,,,9,,9,,,0,0,,,3966,,,-1.8,,2.4,2.6,4.6,5.8
108,서울,2024-12-07 01:00,-.9,,,,1.6,,290,,57,,3.3,-8.3,1013.2,,1024.1,,,9,,9,,,0,0,,,3726,,,-2.1,,2.2,2.4,4.6,5.8
108,서울,2024-12-07 02:00,-1.2,,,,1.2,,270,,60,,3.4,-7.9,1013.5,,1024.4,,,9,,9,,,3,1,,,3359,,,-2.3,,2.1,2.3,4.5,5.7
108,서울,2024-12-07 03:00,-1.8,,,,.9,,270,,59,,3.2,-8.7,1013.7,,1024.6,,,9,,9,,,0,0,,,3671,,,-2.6,,2,2.2,4.4,5.7
108,서울,2024-12-07 04:00,-1.8,,,,1.1,,250,,61,,3.3,-8.3,1013.7,,1024.6,,,9,,9,,,0,0,,,3445,,,-2.8,,1.9,2.1,4.4,5.7
108,서울,2024-12-07 05:00,-2,,,,1.2,,290,,63,,3.3,-8.1,1013.6,,1024.6,,,9,,9,,,0,0,,,3613,,,-3,,1.7,2,4.3,5.6
108,서울,2024-12-07 06:00,-2,,,,1.4,,320,,66,,3.5,-7.5,1013.3,,1024.3,,,9,,9,,,0,0,,,3545,,,-3.1,,1.6,1.9,4.2,5.6
108,서울,2024-12-07 07:00,-2.5,,,,1.7,,270,,66,,3.4,-7.9,1013.4,,1024.4,,,9,,9,,,3,3,Ac,24,3357,,,-3.3,,1.5,1.8,4.2,5.5
108,서울,2024-12-07 08:00,-2.1,,,,1.3,,290,,60,,3.1,-8.8,1013.7,,1024.7,,.1,,.02,,,,7,7,Ac,28,3522,,,-2.5,,1.4,1.7,4.1,5.5
108,서울,2024-12-07 09:00,-1.1,,,,2.2,,270,,57,,3.2,-8.5,1014,,1024.9,,.5,,.33,,,,3,3,Sc,19,3719,,,-1.3,,1.4,1.7,4,5.4
108,서울,2024-12-07 10:00,.4,,,,2.7,,290,,49,,3.1,-9,1014,,1024.9,,1,,.91,,,,1,1,Sc,19,3922,,,-.5,,1.4,1.5,3.8,5.2
108,서울,2024-12-07 11:00,1.4,,,,3.3,,290,,49,,3.3,-8.1,1014,,1024.8,,1,,1.49,,,,0,0,,,3392,,,.1,,1.4,1.6,3.9,5.3
108,서울,2024-12-07 12:00,2.7,,,,2.2,,270,,48,,3.6,-7.2,1012.9,,1023.6,,1,,1.84,,,,0,0,,,2928,,,2.3,,1.4,1.6,3.8,5.3
108,서울,2024-12-07 13:00,3.6,,,,4.1,,290,,43,,3.4,-7.8,1012.1,,1022.8,,1,,1.99,,,,0,0,,,3496,,,5.1,,1.6,1.7,3.8,5.2
108,서울,2024-12-07 14:00,3.9,,,,4.2,,290,,42,,3.4,-7.8,1011.8,,1022.5,,1,,1.82,,,,0,0,,,3439,,,6.6,,1.9,1.9,3.7,5.2
108,서울,2024-12-07 15:00,4.3,,,,3.4,,270,,41,,3.4,-7.8,1011.7,,1022.4,,1,,1.49,,,,0,0,,,3938,,,3.8,,2.2,2.1,3.8,5.1
108,서울,2024-12-07 16:00,3.1,,,,3.5,,270,,47,,3.6,-7.1,1011.9,,1022.6,,.6,,.77,,,,8,8,Ac,35,3194,,,1.9,,2.4,2.3,3.8,5.1
108,서울,2024-12-07 17:00,2.2,,,,3,,270,,55,,3.9,-5.9,1011.8,,1022.6,,0,,.19,,,,6,1,ScAc,11,2766,,,.3,,2.5,2.3,3.8,5
108,서울,2024-12-07 18:00,1.4,,,,3.5,,270,,60,,4.1,-5.5,1011.9,,1022.7,,0,,.01,,,,4,4,Ac,38,3229,,,.1,,2.4,2.3,3.8,5
108,서울,2024-12-07 19:00,.8,,,,2.4,,270,,61,,4,-5.8,1012.2,,1023,,,9,,9,,,3,3,,32,2572,,,-.2,,2.2,2.2,3.9,5
108,서울,2024-12-07 20:00,.2,,,,4,,270,,63,,3.9,-6,1012.7,,1023.6,,,9,,9,,,5,4,,29,2937,,,-.6,,2.1,2.1,3.8,5
108,서울,2024-12-07 21:00,-.4,,,,3.4,,290,,61,,3.6,-7,1012.8,,1023.7,,,9,,9,,,0,0,,,2981,,,-1.2,,2,2,3.8,5
108,서울,2024-12-07 22:00,-1.1,,,,2.7,,270,,60,,3.4,-7.8,1012.9,,1023.8,,,9,,9,,,0,0,,,3331,,,-1.5,,1.9,2,3.8,5
108,서울,2024-12-07 23:00,-1.4,,,,2.7,,270,,63,,3.5,-7.5,1013.2,,1024.1,,,9,,9,,,0,0,,,3300,,,-1.7,,1.8,1.9,3.8,5
108,서울,2024-12-08 00:00,-1.6,,,,3.2,,290,,63,,3.4,-7.7,1013.1,,1024,,,9,,9,,,0,0,,,2910,,,-2,,1.7,1.8,3.7,5
108,서울,2024-12-08 01:00,-1.9,,,,2.9,,290,,65,,3.5,-7.6,1013.6,,1024.5,,,9,,9,,,0,0,,,2736,,,-2.3,,1.7,1.7,3.7,5
108,서울,2024-12-08 02:00,-2.2,,,,3,,270,,62,,3.2,-8.5,1013.9,,1024.9,,,9,,9,,,0,0,,,2865,,,-2.7,,1.6,1.7,3.7,5
108,서울,2024-12-08 03:00,-2.5,,,,2.2,,270,,62,,3.2,-8.7,1014.3,,1025.3,,,9,,9,,,0,0,,,2937,,,-3.1,,1.4,1.6,3.6,5
108,서울,2024-12-08 04:00,-3,,,,1.3,,270,,62,,3,-9.2,1014.5,,1025.5,,,9,,9,,,0,0,,,2965,,,-3.4,,1.3,1.5,3.6,4.9
108,서울,2024-12-08 05:00,-3.2,,,,2.1,,270,,60,,2.9,-9.8,1014.5,,1025.5,,,9,,9,,,0,0,,,3287,,,-3.7,,1.2,1.4,3.6,4.9
108,서울,2024-12-08 06:00,-3.5,,,,1.3,,290,,61,,2.9,-9.9,1014.9,,1025.9,,,9,,9,,,0,0,,,2885,,,-3.9,,1.1,1.3,3.5,4.9
108,서울,2024-12-08 07:00,-3.8,,,,1.5,,250,,64,,3,-9.6,1015.4,,1026.5,,,9,,9,,,0,0,,,2769,,,-4.2,,1,1.2,3.5,4.9
108,서울,2024-12-08 08:00,-3.8,,,,.9,,270,,64,,3,-9.6,1015.9,,1027,,.2,,.02,,,,0,0,,,2670,,,-4.1,,.9,1.1,3.4,4.8
108,서울,2024-12-08 09:00,-3,,,,2,,290,,63,,3.1,-9,1016.4,,1027.4,,1,,.41,,,,0,0,,,2671,,,-3,,.9,1.1,3.4,4.8
108,서울,2024-12-08 10:00,-1.8,,,,2.7,,320,,55,,3,-9.6,1016.9,,1027.9,,1,,1.03,,,,0,0,,,2596,,,-.8,,.9,1,3.3,4.8
108,서울,2024-12-08 11:00,-.5,,,,2.9,,290,,48,,2.8,-10.1,1016.7,,1027.6,,1,,1.57,,,,0,0,,,2686,,,0,,.9,1,3.3,4.7
108,서울,2024-12-08 12:00,1.8,,,,2.1,,230,,44,,3.1,-9.1,1016.1,,1026.9,,1,,1.88,,,,0,0,,,2909,,,.8,,.9,.9,2.8,4.2
108,서울,2024-12-08 13:00,2.6,,,,3.1,,270,,35,,2.6,-11.3,1015.4,,1026.2,,1,,2.01,,,,0,0,,,3496,,,3,,1,.9,2.7,4.2
108,서울,2024-12-08 14:00,3.5,,,,3,,270,,30,,2.4,-12.4,1015,,1025.7,,1,,1.88,,,,0,0,,,3449,,,4.5,,1.1,1,2.7,4.2
108,서울,2024-12-08 15:00,3.9,,,,4.3,,250,,27,,2.2,-13.4,1014.8,,1025.5,,1,,1.52,,,,0,0,,,4075,,,2.3,,1.3,1.1,2.7,4.1
108,서울,2024-12-08 16:00,4,,,,2.7,,270,,28,,2.3,-12.9,1014.7,,1025.4,,1,,.93,,,,0,0,,,4190,,,.8,,1.4,1.3,2.8,4.1
108,서울,2024-12-08 17:00,2.8,,,,4.2,,270,,30,,2.2,-13.1,1014.7,,1025.5,,.9,,.36,,,,0,0,,,4316,,,0,,1.5,1.5,3.1,4.5
108,서울,2024-12-08 18:00,1.9,,,,1.7,,270,,33,,2.3,-12.7,1014.7,,1025.5,,0,,.01,,,,0,0,,,4218,,,-.3,,1.5,1.5,3.2,4.6
108,서울,2024-12-08 19:00,1.5,,,,2.3,,250,,36,,2.5,-11.9,1015.1,,1025.9,,,9,,9,,,0,0,,,3798,,,-.8,,1.4,1.4,3.3,4.6
108,서울,2024-12-08 20:00,.6,,,,.6,,230,,38,,2.4,-12.1,1015,,1025.9,,,9,,9,,,0,0,,,3683,,,-1.2,,1.3,1.4,3.2,4.6
108,서울,2024-12-08 21:00,.2,,,,1.5,,320,,40,,2.5,-11.8,1015.1,,1026,,,9,,9,,,0,0,,,3745,,,-1.4,,1.3,1.3,3.2,4.5
108,서울,2024-12-08 22:00,.4,,,,2.8,,320,,37,,2.3,-12.6,1015.2,,1026.1,,,9,,9,,,0,0,,,4379,,,-1.6,,1.2,1.3,3.2,4.5
108,서울,2024-12-08 23:00,-.2,,,,1,,20,,38,,2.3,-12.8,1015.5,,1026.4,,,9,,9,,,0,0,,,4295,,,-1.9,,1.2,1.2,3.2,4.5
108,서울,2024-12-09 00:00,-.6,,,,1.6,,320,,42,,2.5,-11.9,1015.5,,1026.4,,,9,,9,,,0,0,,,3818,,,-2.4,,1.1,1.2,3.2,4.5
108,서울,2024-12-09 01:00,-1.5,,,,1.1,,270,,46,,2.5,-11.6,1015.2,,1026.1,,,9,,9,,,0,0,,,3784,,,-2.9,,1,1.1,3.1,4.5
108,서울,2024-12-09 02:00,-2.1,,,,1.6,,270,,48,,2.5,-11.6,1015.2,,1026.2,,,9,,9,,,0,0,,,3896,,,-3.3,,.9,1,3.1,4.5
108,서울,2024-12-09 03:00,-2.5,,,,.2,,0,,52,,2.6,-11,1015.5,,1026.5,,,9,,9,,,0,0,,,3406,,,-3.6,,.8,1,3.1,4.5
108,서울,2024-12-09 04:00,-3,,,,1,,270,,54,,2.6,-11,1015.5,,1026.5,,,9,,9,,,0,0,,,3797,,,-3.8,,.8,.9,3.1,4.4
108,서울,2024-12-09 05:00,-3.2,,,,1.7,,20,,58,,2.8,-10.3,1014.8,,1025.8,,,9,,9,,,0,0,,,3526,,,-4,,.7,.8,3,4.4
108,서울,2024-12-09 06:00,-3.6,,,,1.9,,50,,58,,2.7,-10.6,1014.8,,1025.8,,,9,,9,,,0,0,,,3843,,,-4.2,,.6,.7,3,4.4
108,서울,2024-12-09 07:00,-3.7,,,,2,,20,,60,,2.8,-10.3,1015,,1026,,,9,,9,,,0,0,,,3682,,,-4.3,,.5,.6,2.9,4.4
108,서울,2024-12-09 08:00,-3.8,,,,1.8,,20,,62,,2.9,-10,1015.3,,1026.4,,.2,,.02,,,,0,0,,,3322,,,-4.1,,.4,.6,2.9,4.3
108,서울,2024-12-09 09:00,-2.8,,,,2.4,,50,,60,,3,-9.4,1015.5,,1026.5,,1,,.41,,,,0,0,,,3360,,,-2.9,,.4,.5,2.8,4.3
108,서울,2024-12-09 10:00,0,,,,1.5,,20,,51,,3.1,-8.9,1015.9,,1026.8,,1,,.92,,,,0,0,,,2887,,,-.7,,.5,.5,2.7,4.2
108,서울,2024-12-09 11:00,2.7,,,,1.2,,70,,45,,3.3,-8,1015.3,,1026.1,,1,,1.47,,,,0,0,,,3091,,,.1,,.5,.5,2.8,4.3
108,서울,2024-12-09 12:00,4.1,,,,1.3,,20,,40,,3.3,-8.3,1014.3,,1025,,1,,1.8,,,,0,0,,,2864,,,1.9,,.5,.6,2.8,4.2
108,서울,2024-12-09 13:00,5.4,,,,2.2,,270,,42,,3.8,-6.5,1013.1,,1023.8,,1,,1.89,,,,0,0,,,3035,,,4.5,,.6,.6,2.7,4.2
108,서울,2024-12-09 14:00,7.1,,,,1.8,,250,,42,,4.2,-4.9,1012.4,,1023,,1,,1.77,,,,0,0,,,2684,,,6,,.7,.7,2.7,4.2
108,서울,2024-12-09 15:00,6.4,,,,3.2,,290,,46,,4.4,-4.4,1012.2,,1022.8,,1,,1.39,,,,2,1,ScCi,10,2948,,,3.7,,.8,.8,2.7,4.2
108,서울,2024-12-09 16:00,6,,,,1.9,,290,,46,,4.3,-4.7,1012.5,,1023.1,,.8,,.74,,,,7,0,Ci,,2286,,,1.6,,1,.9,2.7,4.1
108,서울,2024-12-09 17:00,4.9,,,,1.2,,290,,51,,4.4,-4.4,1012.8,,1023.5,,.3,,.2,,,,6,1,ScCi,10,2563,,,.1,,1.1,1,2.7,4.1
108,서울,2024-12-09 18:00,4,,,,1.2,,270,,55,,4.5,-4.2,1012.5,,1023.2,,0,,0,,,,4,1,ScCi,10,2341,,,-.1,,1.1,1,2.6,3.9
108,서울,2024-12-09 19:00,3.1,,,,1.3,,290,,59,,4.5,-4.1,1011.9,,1022.6,,,9,,9,,,0,0,,,2196,,,-.2,,1.1,1,2.6,3.9
108,서울,2024-12-09 20:00,2.5,,,,.7,,360,,61,,4.5,-4.2,1012.1,,1022.8,,,9,,9,,,0,0,,,2179,,,-.5,,1.1,1,2.6,3.9
108,서울,2024-12-09 21:00,1.8,,,,1.3,,290,,66,,4.6,-3.8,1012.4,,1023.2,,,9,,9,,,0,0,,,1942,,,-.8,,1,1,2.6,3.9
108,서울,2024-12-09 22:00,1.4,,,,1.7,,270,,68,,4.6,-3.8,1012.6,,1023.4,,,9,,9,,,0,0,,,1883,,,-1,,1,.9,2.6,3.8
108,서울,2024-12-09 23:00,1.2,,,,1.3,,290,,69,,4.6,-3.8,1013,,1023.8,,,9,,9,,,0,0,,,2077,,,-1.1,,1,.9,2.6,3.9
108,서울,2024-12-10 00:00,.8,,,,1.4,,270,,72,,4.7,-3.6,1013,,1023.8,,,9,,9,,,0,0,,,2058,,,-1.3,,1,.9,2.5,3.8
108,서울,2024-12-10 01:00,.6,,,,2.1,,290,,74,,4.7,-3.5,1013,,1023.8,,,9,,9,,,0,0,,,1999,,,-1.4,,.9,.9,2.5,3.8
108,서울,2024-12-10 02:00,.6,,,,2.3,,290,,74,,4.7,-3.5,1013.1,,1023.9,,,9,,9,,,0,0,,,1907,,,-1.7,,.9,.8,2.5,3.8
108,서울,2024-12-10 03:00,-.2,,,,.3,,0,,74,,4.5,-4.2,1013.7,,1024.6,,,9,,9,,,0,0,,,1790,,,-2.3,,.9,.8,2.6,3.8
108,서울,2024-12-10 04:00,-.4,,,,2.5,,290,,78,,4.6,-3.7,1013.4,,1024.3,,,9,,9,,,0,0,,,1792,,,-2.5,,.8,.8,2.6,3.8
108,서울,2024-12-10 05:00,-.8,,,,1.9,,290,,77,,4.4,-4.3,1013.4,,1024.3,,,9,,9,,,0,0,,,1863,,,-2.7,,.8,.7,2.6,3.9
108,서울,2024-12-10 06:00,-1.4,,,,.6,,270,,78,,4.3,-4.7,1013.6,,1024.5,,,9,,9,,,0,0,,,1789,,,-3.1,,.7,.8,2.8,4.1
108,서울,2024-12-10 07:00,-1.6,,,,.4,,0,,80,,4.3,-4.6,1014.1,,1025,,,9,,9,,,0,0,,,1642,,,-3.4,,.6,.7,2.7,4.1
108,서울,2024-12-10 08:00,-1.9,,,,1.7,,20,,80,,4.3,-4.8,1013.9,,1024.9,,.1,,.02,,,,0,0,,,1685,,,-3.3,,.6,.7,2.7,4.1
108,서울,2024-12-10 09:00,-1.3,,,,1.9,,20,,79,,4.4,-4.4,1014.3,,1025.2,,1,,.4,,,,0,0,,,1709,,,-2.2,,.5,.6,2.7,4
108,서울,2024-12-10 10:00,1.3,,,,2.3,,360,,76,,5.1,-2.4,1013.6,,1024.4,,1,,.9,,,,0,0,,,1428,,,-.5,,.6,.6,2.7,4
108,서울,2024-12-10 11:00,3.8,,,,.9,,270,,64,,5.2,-2.3,1013.7,,1024.4,,1,,1.45,,,,0,0,,,1540,,,.2,,.7,.6,2.6,4
108,서울,2024-12-10 12:00,5.9,,,,2.4,,250,,45,,4.2,-5.1,1013.1,,1023.7,,1,,1.79,,,,0,0,,,2312,,,2.4,,.7,.7,2.6,4
108,서울,2024-12-10 13:00,6.4,,,,3.7,,230,,43,,4.2,-5.2,1013.8,,1024.4,,1,,1.9,,,,0,0,,,2378,,,4.6,,.8,.7,2.6,3.9
108,서울,2024-12-10 14:00,6.3,,,,3.6,,320,,43,,4.1,-5.3,1013.1,,1023.7,,1,,1.64,,,,0,0,,,2529,,,5.2,,1,.9,2.6,3.9
108,서울,2024-12-10 15:00,6.6,,,,3.3,,290,,43,,4.2,-5.1,1011.7,,1022.3,,1,,1.35,,,,4,0,Ci,,2385,,,3.7,,1.2,1.1,2.6,3.9
108,서울,2024-12-10 16:00,6.6,,,,2.4,,270,,41,,4,-5.7,1011.2,,1021.8,,1,,.8,,,,5,0,Cs,,2070,,,2,,1.4,1.2,2.7,3.9
108,서울,2024-12-10 17:00,5.3,,,,2,,270,,44,,3.9,-5.9,1011.2,,1021.8,,.3,,.27,,,,8,0,Cs,,2159,,,.1,,1.5,1.3,2.7,3.9
108,서울,2024-12-10 18:00,4.5,,,,1.4,,290,,49,,4.1,-5.3,1011.3,,1021.9,,0,,0,,,,8,0,Cs,,1915,,,0,,1.4,1.3,2.8,3.9
108,서울,2024-12-10 19:00,3.7,,,,1.9,,270,,54,,4.3,-4.7,1011.4,,1022.1,,,9,,9,,,9,7,,72,1830,,,-.1,,1.3,1.2,2.8,3.9
108,서울,2024-12-10 20:00,3.5,,,,2.1,,270,,56,,4.4,-4.4,1011.8,,1022.5,,,9,,9,,,10,9,,65,1655,,,-.1,,1.3,1.2,2.8,3.9
108,서울,2024-12-10 21:00,3.8,,,,2.4,,290,,56,,4.5,-4.1,1012.1,,1022.8,,,9,,9,,,10,0,Cs,,1641,,,-.2,,1.3,1.1,2.8,4
108,서울,2024-12-10 22:00,3.4,,,,1.8,,270,,47,,3.7,-6.8,1012.4,,1023.1,,,9,,9,,,10,10,,53,2105,,,-.2,,1.3,1.1,2.8,4
108,서울,2024-12-10 23:00,3.1,,,,2,,290,,46,,3.5,-7.4,1012.5,,1023.2,,,9,,9,,,9,9,,51,2175,,,-.3,,1.3,1.1,2.8,4
108,서울,2024-12-11 00:00,2.7,,,,1.4,,290,,47,,3.5,-7.5,1012.5,,1023.2,,,9,,9,,,9,0,,,2241,,,-.5,,1.2,1.1,2.8,4
108,서울,2024-12-11 01:00,2.3,,,,1.3,,270,,50,,3.6,-7,1012.2,,1023,,,9,,9,,,9,9,,45,2147,,,-.5,,1.2,1.1,2.8,4
108,서울,2024-12-11 02:00,2,,,,1.4,,270,,52,,3.7,-6.8,1012.4,,1023.2,,,9,,9,,,10,10,,47,1921,,,-.5,,1.2,1.1,2.8,4
108,서울,2024-12-11 03:00,1.9,,,,.4,,0,,52,,3.6,-6.9,1012.1,,1022.9,,,9,,9,,,9,5,AcCi,43,2028,,,-.6,,1.2,1.1,2.8,4
108,서울,2024-12-11 04:00,1.6,,,,.4,,0,,55,,3.8,-6.4,1011.6,,1022.4,,,9,,9,,,9,5,AcCi,43,1836,,,-.7,,1.2,1.1,2.8,4
108,서울,2024-12-11 05:00,1.2,,,,.4,,0,,55,,3.7,-6.8,1011.2,,1022,,,9,,9,,,9,7,AcCi,41,1716,,,-.7,,1.2,1.1,2.8,4
108,서울,2024-12-11 06:00,1.1,,,,2.1,,270,,57,,3.8,-6.4,1011.1,,1021.9,,,9,,9,,,4,2,AcCi,40,1697,,,-1,,1.1,1.1,2.8,4
108,서울,2024-12-11 07:00,.4,,,,1.2,,50,,58,,3.6,-6.9,1011.6,,1022.4,,,9,,9,,,5,3,AcCi,41,1430,,,-1.1,,1.1,1.1,2.8,4
108,서울,2024-12-11 08:00,.5,,,,.9,,50,,60,,3.8,-6.3,1012.1,,1022.9,,0,,.01,,,,6,2,AcCi,48,1352,,,-.8,,1.1,1.1,2.8,3.9
108,서울,2024-12-11 09:00,.9,,,,.4,,0,,58,,3.8,-6.4,1012.6,,1023.4,,0,,.28,,,,7,0,Ci,,1391,,,-.3,,1.1,1.1,2.7,3.9
108,서울,2024-12-11 10:00,2.6,,,,1.1,,320,,55,,4.1,-5.5,1012.9,,1023.6,,.5,,.63,,,,6,0,Ci,,1281,,,-.2,,1.2,1.1,2.7,3.9
108,서울,2024-12-11 11:00,4,,,,1.7,,250,,50,,4.1,-5.5,1012.7,,1023.4,,.8,,.92,,,,5,0,Ci,,1336,,,0,,1.3,1.1,2.7,3.9
108,서울,2024-12-11 12:00,5,,,,2.2,,290,,45,,3.9,-5.9,1012.1,,1022.8,,.7,,1.32,,,,8,0,Ci,,1413,,,1,,1.5,1.3,2.7,3.9
108,서울,2024-12-11 13:00,6.3,,,,1.9,,340,,41,,3.9,-6,1010.4,,1021,,1,,1.62,,,,4,0,Ci,,1491,,,7.6,,1.9,1.5,2.8,3.9
108,서울,2024-12-11 14:00,7.9,,,,1.5,,250,,40,,4.3,-4.8,1010.2,,1020.7,,1,,1.66,,,,4,0,Ci,,1396,,,8.5,,2.4,1.8,2.8,3.9
108,서울,2024-12-11 15:00,7.9,,,,2.4,,270,,39,,4.2,-5.2,1009.9,,1020.4,,1,,1.21,,,,7,0,Ci,,1417,,,6.4,,3,2.1,2.9,3.9
108,서울,2024-12-11 16:00,7.6,,,,2.1,,290,,39,,4.1,-5.4,1010,,1020.5,,1,,.69,,,,0,0,,,1454,,,3.8,,3.2,2.3,3,3.9
108,서울,2024-12-11 17:00,6.1,,,,1.8,,290,,40,,3.8,-6.5,1010.2,,1020.8,,.9,,.3,,,,0,0,,,1826,,,.9,,3.1,2.4,3.1,4
108,서울,2024-12-11 18:00,4.9,,,,2.3,,290,,45,,3.9,-6,1010.5,,1021.1,,0,,.01,,,,0,0,,,1853,,,.3,,2.7,2.3,3.2,4
108,서울,2024-12-11 19:00,3.7,,,,1.6,,270,,50,,4,-5.7,1011,,1021.7,,,9,,9,,,0,0,,,1592,,,.1,,2.4,2.1,3.3,4.1
108,서울,2024-12-11 20:00,3,,,,1.6,,290,,52,,3.9,-5.9,1011.4,,1022.1,,,9,,9,,,2,2,,51,1682,,,-.1,,2.1,2,3.3,4.1
108,서울,2024-12-11 21:00,2.4,,,,2.5,,270,,52,,3.8,-6.4,1012.2,,1023,,,9,,9,,,2,0,Ci,,1614,,,-.4,,2,1.9,3.3,4.1
108,서울,2024-12-11 22:00,1.3,,,,1.6,,270,,53,,3.6,-7.2,1012.9,,1023.7,,,9,,9,,,0,0,,,1574,,,-.8,,1.8,1.8,3.4,4.2
108,서울,2024-12-11 23:00,.9,,,,2,,290,,53,,3.5,-7.6,1013.1,,1023.9,,,9,,9,,,0,0,,,1598,,,-1.1,,1.7,1.7,3.3,4.3
108,서울,2024-12-12 00:00,.2,,,,1.5,,270,,54,,3.3,-8,1013.3,,1024.2,,,9,,9,,,0,0,,,1685,,,-1.4,,1.6,1.7,3.3,4.3
108,서울,2024-12-12 01:00,-.3,,,,1.6,,290,,55,,3.3,-8.2,1013.1,,1024,,,9,,9,,,0,0,,,1655,,,-1.6,,1.5,1.6,3.3,4.3
108,서울,2024-12-12 02:00,-1,,,,2.1,,250,,58,,3.3,-8.2,1013,,1023.9,,,9,,9,,,0,0,,,1736,,,-1.8,,1.4,1.5,3.2,4.2
108,서울,2024-12-12 03:00,-1.7,,,,1,,270,,59,,3.2,-8.6,1013.3,,1024.2,,,9,,9,,,0,0,,,1826,,,-2.1,,1.3,1.5,3.2,4.2
108,서울,2024-12-12 04:00,-1.8,,,,1.6,,270,,59,,3.2,-8.7,1013.4,,1024.3,,,9,,9,,,0,0,,,1942,,,-2.4,,1.3,1.4,3.1,4.2
108,서울,2024-12-12 05:00,-2.3,,,,2.1,,270,,63,,3.2,-8.4,1013.3,,1024.3,,,9,,9,,,0,0,,,1786,,,-2.8,,1.2,1.3,3.1,4.2
108,서울,2024-12-12 06:00,-2.5,,,,2.6,,270,,59,,3,-9.4,1013.7,,1024.7,,,9,,9,,,0,0,,,2136,,,-3.1,,1.1,1.2,3.1,4.2
108,서울,2024-12-12 07:00,-3.1,,,,1.3,,270,,60,,2.9,-9.7,1013.8,,1024.8,,,9,,9,,,0,0,,,2078,,,-3.7,,1,1.2,3,4.1
108,서울,2024-12-12 08:00,-3.1,,,,.5,,320,,63,,3.1,-9.1,1014.3,,1025.3,,.1,,.01,,,,0,0,,,2000,,,-3.9,,.9,1.1,2.9,4.1
108,서울,2024-12-12 09:00,-2.5,,,,1.4,,270,,63,,3.2,-8.5,1015.2,,1026.2,,1,,.4,,,,0,0,,,1873,,,-2.9,,.8,1,3,4.2
108,서울,2024-12-12 10:00,-.2,,,,3,,270,,48,,2.9,-9.9,1015.5,,1026.4,,1,,.99,,,,0,0,,,2600,,,-.7,,.9,1,2.9,4.1
108,서울,2024-12-12 11:00,1.7,,,,1.8,,270,,39,,2.7,-10.8,1015,,1025.8,,1,,1.57,,,,0,0,,,2922,,,-.1,,.9,1,2.9,4.1
108,서울,2024-12-12 12:00,3.6,,,,2.2,,250,,32,,2.5,-11.5,1014.2,,1024.9,,1,,1.87,,,,0,0,,,3020,,,.5,,.9,1,2.9,4.1
108,서울,2024-12-12 13:00,4.4,,,,2.5,,270,,31,,2.6,-11.2,1013.5,,1024.2,,1,,1.95,,,,0,0,,,2560,,,3,,1,1,2.8,4
108,서울,2024-12-12 14:00,4.7,,,,3.2,,270,,29,,2.5,-11.8,1013.4,,1024.1,,1,,1.73,,,,5,0,Ci,,2774,,,3.9,,1.2,1.2,2.8,4
108,서울,2024-12-12 15:00,3.7,,,,3,,290,,30,,2.4,-12.3,1013.2,,1023.9,,.6,,.91,,,,8,0,Ci,,2905,,,2.4,,1.4,1.4,2.8,4
108,서울,2024-12-12 16:00,3.3,,,,3,,290,,28,,2.2,-13.5,1012.8,,1023.5,,0,,.46,,,,9,0,Ci,,3173,,,1,,1.6,1.5,2.9,4
108,서울,2024-12-12 17:00,2.8,,,,1.4,,320,,33,,2.5,-11.9,1013,,1023.7,,0,,.16,,,,9,0,Ci,,2823,,,.1,,1.7,1.5,2.9,4
108,서울,2024-12-12 18:00,1.9,,,,1.7,,290,,37,,2.6,-11.2,1012.7,,1023.5,,0,,.01,,,,9,0,Ci,,2685,,,0,,1.6,1.5,2.9,4
108,서울,2024-12-12 19:00,1.7,,,,2.6,,270,,39,,2.7,-10.8,1013.7,,1024.5,,,9,,9,,,10,10,,44,2690,,,-.1,,1.5,1.4,2.9,3.9
108,서울,2024-12-12 20:00,1.5,,,,2.1,,270,,41,,2.8,-10.3,1013.8,,1024.6,,,9,,9,,,8,8,,41,2539,,,-.2,,1.5,1.4,2.9,3.9
108,서울,2024-12-12 21:00,1.1,,,,1.2,,270,,42,,2.8,-10.4,1013.6,,1024.4,,,9,,9,,,10,4,AcCs,34,2589,,,-.4,,1.4,1.3,2.9,3.9
108,서울,2024-12-12 22:00,.8,,,,1.5,,250,,39,,2.5,-11.6,1012.6,,1023.4,,,9,,9,,,9,9,,38,2400,,,-.7,,1.4,1.3,2.9,3.9
108,서울,2024-12-12 23:00,.6,,,,2.3,,290,,41,,2.6,-11.1,1012.8,,1023.6,,,9,,9,,,9,9,,42,2411,,,-.8,,1.3,1.3,2.8,3.9
108,서울,2024-12-13 00:00,.4,,,,4,,320,,44,,2.8,-10.4,1013.3,,1024.2,,,9,,9,,,9,9,Ac,40,2325,,,-1,,1.3,1.2,2.8,3.9
108,서울,2024-12-13 01:00,.1,,,,1.7,,270,,43,,2.6,-11,1013.4,,1024.3,,,9,,9,,,10,10,,40,2513,,,-1,,1.2,1.2,2.8,3.9
108,서울,2024-12-13 02:00,-.2,,,,1.7,,320,,45,,2.7,-10.7,1013.5,,1024.4,,,9,,9,,,10,10,,43,2771,,,-1,,1.2,1.2,2.8,3.9
108,서울,2024-12-13 03:00,-.5,,,,.5,,290,,46,,2.7,-10.7,1013.1,,1024,,,9,,9,,,9,9,Ac,43,2955,,,-1.1,,1.2,1.2,2.8,3.9
108,서울,2024-12-13 04:00,-.9,,,,1.9,,20,,47,,2.7,-10.8,1012.2,,1023.1,,,9,,9,,,8,8,Ac,43,3058,,,-1.2,,1.1,1.1,2.8,3.9
108,서울,2024-12-13 05:00,-.7,,,,1.4,,360,,44,,2.6,-11.4,1011.7,,1022.6,,,9,,9,,,9,3,ScAc,17,2783,,,-1.1,,1.1,1.1,2.8,3.9
108,서울,2024-12-13 06:00,-.3,,,,1.7,,50,,45,,2.7,-10.8,1010.5,,1021.3,,,9,,9,,,9,9,Sc,15,2885,,,-.9,,1.1,1.1,2.7,3.9
108,서울,2024-12-13 07:00,-.3,,,,1.9,,50,,44,,2.6,-11.1,1010.3,,1021.1,,,9,,9,,,8,3,ScCi,15,2907,,,-1.2,,1.1,1.1,2.7,3.9
108,서울,2024-12-13 08:00,-.1,,,,1.2,,320,,44,,2.7,-10.9,1010.4,,1021.3,,0,,.01,,,,7,1,AcCi,35,2994,,,-1.2,,1,1,2.7,3.9
108,서울,2024-12-13 09:00,.2,,,,1.1,,290,,45,,2.8,-10.3,1010.7,,1021.5,,.1,,.2,,,,6,2,ScCi,16,2937,,,-.6,,1,1,2.7,3.8
108,서울,2024-12-13 10:00,1.5,,,,1.6,,270,,42,,2.9,-10,1011.2,,1022,,.5,,.53,,,,8,2,ScCi,18,3261,,,-.3,,1.1,1,2.7,3.8
108,서울,2024-12-13 11:00,2.8,,,,2.2,,290,,39,,2.9,-9.8,1010.9,,1021.6,,.7,,1.03,,,,7,2,ScCi,18,2877,,,.1,,1.2,1.1,2.7,3.8
108,서울,2024-12-13 12:00,3.5,,,,1.8,,320,,36,,2.8,-10.2,1010.1,,1020.8,,.4,,1.16,,,,8,1,ScCi,18,2806,,,.8,,1.3,1.1,2.7,3.8
108,서울,2024-12-13 13:00,4,,,,2.3,,270,,38,,3.1,-9,1009.3,,1019.9,,.5,,1.29,,,,8,4,AcCi,30,2490,,,2.1,,1.5,1.2,2.7,3.8
108,서울,2024-12-13 14:00,4.3,,,,3,,290,,30,,2.5,-11.7,1009.2,,1019.8,,.8,,1.16,,,,7,0,Ci,,3426,,,4.5,,1.9,1.4,2.7,3.8
108,서울,2024-12-13 15:00,4.4,,,,3.2,,270,,33,,2.8,-10.5,1009,,1019.6,,.9,,.97,,,,7,0,Ci,,2959,,,3.6,,2.2,1.7,2.7,3.8
108,서울,2024-12-13 16:00,4.2,,,,2.1,,270,,33,,2.7,-10.6,1009.2,,1019.8,,.9,,.55,,,,2,0,Ci,,2784,,,1.3,,2.3,1.8,2.8,3.8
108,서울,2024-12-13 17:00,3,,,,4.2,,270,,32,,2.4,-12.1,1009.8,,1020.5,,.4,,.23,,,,2,0,Ci,,3127,,,.2,,2.2,1.8,2.8,3.8
108,서울,2024-12-13 18:00,2.1,,,,2.5,,270,,36,,2.6,-11.4,1010.4,,1021.1,,0,,.01,,,,1,0,Ci,,3052,,,-.1,,1.9,1.7,2.9,3.9
108,서울,2024-12-13 19:00,1.4,,,,3.6,,270,,38,,2.6,-11.4,1010.8,,1021.6,,,9,,9,,,0,0,,,3460,,,-.6,,1.7,1.6,3,3.9
108,서울,2024-12-13 20:00,1,,,,2.6,,270,,42,,2.8,-10.5,1011.7,,1022.5,,,9,,9,,,0,0,,,3058,,,-1,,1.6,1.5,3,3.9
108,서울,2024-12-13 21:00,.3,,,,4.5,,290,,44,,2.8,-10.5,1012.4,,1023.3,,,9,,9,,,0,0,,,3134,,,-1.3,,1.5,1.5,3,3.9
108,서울,2024-12-13 22:00,-.3,,,,2.1,,290,,50,,3,-9.4,1012.8,,1023.7,,,9,,9,,,0,0,,,3153,,,-1.5,,1.4,1.4,3,4
108,서울,2024-12-13 23:00,-1.1,,,,.4,,0,,51,,2.9,-9.9,1013.1,,1024,,,9,,9,,,0,0,,,3099,,,-1.8,,1.3,1.4,3,4
108,서울,2024-12-14 00:00,-1.5,,,,2,,270,,52,,2.9,-10,1013.2,,1024.1,,,9,,9,,,0,0,,,3067,,,-2.1,,1.2,1.3,2.9,4
108,서울,2024-12-14 01:00,-1.5,,,,2.2,,270,,52,,2.9,-10,1013.3,,1024.2,,,9,,9,,,0,0,,,2867,,,-2.5,,1.1,1.2,2.9,4
108,서울,2024-12-14 02:00,-1.8,,,,2.1,,290,,53,,2.8,-10.1,1013.5,,1024.4,,,9,,9,,,0,0,,,2782,,,-2.9,,1.1,1.2,2.9,3.9
108,서울,2024-12-14 03:00,-2.5,,,,1.7,,270,,56,,2.9,-10,1014.2,,1025.2,,,9,,9,,,0,0,,,2879,,,-3.4,,1,1.1,2.9,3.9
108,서울,2024-12-14 04:00,-2.8,,,,1.8,,270,,55,,2.7,-10.6,1014.2,,1025.2,,,9,,9,,,0,0,,,2693,,,-3.7,,.9,1,2.8,3.9
108,서울,2024-12-14 05:00,-3.1,,,,.9,,250,,58,,2.8,-10.2,1014.1,,1025.1,,,9,,9,,,0,0,,,2702,,,-3.9,,.8,.9,2.8,3.9
108,서울,2024-12-14 06:00,-3.2,,,,1.5,,250,,60,,2.9,-9.8,1014.2,,1025.2,,,9,,9,,,0,0,,,2628,,,-4.1,,.7,.9,2.8,3.9
108,서울,2024-12-14 07:00,-3.3,,,,2.6,,270,,60,,2.9,-9.9,1015,,1026,,,9,,9,,,0,0,,,2582,,,-4.3,,.6,.8,2.7,3.9
108,서울,2024-12-14 08:00,-3.6,,,,1.8,,270,,63,,3,-9.6,1015.2,,1026.2,,.1,,.01,,,,0,0,,,2491,,,-4.3,,.6,.7,2.7,3.9
108,서울,2024-12-14 09:00,-2.9,,,,1.8,,270,,60,,3,-9.5,1015.9,,1026.9,,1,,.38,,,,0,0,,,2412,,,-3.4,,.5,.6,2.6,3.8
108,서울,2024-12-14 10:00,-1.3,,,,2.7,,290,,51,,2.8,-10.1,1016.6,,1027.6,,1,,.93,,,,0,0,,,2510,,,-.9,,.5,.6,2.6,3.8
108,서울,2024-12-14 11:00,-.5,,,,4.2,,320,,45,,2.6,-11,1016.3,,1027.2,,1,,1.49,,,,0,0,,,2684,,,-.2,,.5,.6,2.6,3.8
108,서울,2024-12-14 12:00,.7,,,,3.6,,290,,43,,2.8,-10.4,1015.2,,1026.1,,1,,1.83,,,,0,0,,,2378,,,.7,,.5,.6,2.5,3.7
108,서울,2024-12-14 13:00,1.5,,,,3.3,,270,,40,,2.7,-10.6,1014.4,,1025.2,,1,,1.93,,,,0,0,,,2872,,,2.2,,.6,.6,2.5,3.7
108,서울,2024-12-14 14:00,1.9,,,,3.3,,270,,39,,2.7,-10.6,1013.4,,1024.2,,1,,1.81,,,,0,0,,,2815,,,3.5,,.6,.6,2.5,3.7
108,서울,2024-12-14 15:00,2,,,,3.7,,290,,41,,2.9,-9.9,1013.1,,1023.9,,1,,1.49,,,,0,0,,,3087,,,1,,.7,.7,2.4,3.7
108,서울,2024-12-14 16:00,2.3,,,,3.7,,270,,40,,2.9,-9.9,1012.5,,1023.3,,1,,.89,,,,0,0,,,3320,,,.1,,.7,.7,2.4,3.6
108,서울,2024-12-14 17:00,1.4,,,,3.1,,270,,45,,3,-9.2,1012.3,,1023.1,,.9,,.34,,,,0,0,,,3057,,,-.2,,.7,.8,2.4,3.6
108,서울,2024-12-14 18:00,.6,,,,2.5,,250,,48,,3.1,-9.1,1012.8,,1023.6,,0,,.01,,,,0,0,,,3325,,,-.3,,.7,.8,2.4,3.6
108,서울,2024-12-14 19:00,.2,,,,2.9,,250,,45,,2.8,-10.3,1012.8,,1023.7,,,9,,9,,,0,0,,,4082,,,-.7,,.7,.7,2.3,3.4
108,서울,2024-12-14 20:00,-.3,,,,1.7,,250,,46,,2.8,-10.5,1012.6,,1023.5,,,9,,9,,,0,0,,,4131,,,-1,,.7,.7,2.3,3.5
108,서울,2024-12-14 21:00,-.4,,,,.8,,320,,48,,2.9,-10,1012.7,,1023.6,,,9,,9,,,2,2,Sc,12,3624,,,-.8,,.7,.7,2.3,3.4
108,서울,2024-12-14 22:00,-1.2,,,,.3,,0,,50,,2.8,-10.3,1012.2,,1023.1,,,9,,9,,,0,0,,,3647,,,-1.5,,.6,.6,2.2,3.4
108,서울,2024-12-14 23:00,-1.4,,,,.1,,0,,53,,2.9,-9.7,1012,,1022.9,,,9,,9,,,5,4,,10,3605,,,-1.8,,.6,.6,2.3,3.5
108,서울,2024-12-15 00:00,-.8,,,,1,,270,,52,,3,-9.4,1011.8,,1022.7,,,9,,9,,,8,8,,,3689,,,-1.2,,.6,.6,2.3,3.5
108,서울,2024-12-15 01:00,-.6,,,,.9,,250,,52,,3,-9.2,1011,,1021.9,,,9,,9,,,6,6,,13,3847,,,-1.7,,.6,.6,2.3,3.5
108,서울,2024-12-15 02:00,-.1,,,,1.7,,230,,58,,3.5,-7.3,1010.4,,1021.3,,,9,,9,,,9,9,,11,4232,,,-1.1,,.6,.5,2.3,3.5
108,서울,2024-12-15 03:00,.5,,,,1.6,,250,,60,,3.8,-6.3,1010.1,,1020.9,,,9,,9,,,9,9,Sc,9,4186,,,-1,,.6,.5,2.3,3.5
108,서울,2024-12-15 04:00,.5,,,,1.5,,250,,61,,3.9,-6.1,1009.4,,1020.2,,,9,,9,,,8,5,ScCc,8,3750,,,-1.2,,.6,.5,2.3,3.4
108,서울,2024-12-15 05:00,.5,,,9,2.5,,250,,69,,4.4,-4.5,1009.2,,1020,,,9,,9,,,8,8,Sc,10,2427,,05,-1.2,,.6,.5,2.3,3.4
108,서울,2024-12-15 06:00,.4,,0,,2.1,,250,,72,,4.5,-4,1009,,1019.8,,,9,,9,,,2,2,Sc,13,2748,,05,-1.7,,.6,.5,2.2,3.4
108,서울,2024-12-15 07:00,-.3,,,9,.7,,200,,72,,4.3,-4.7,1009.5,,1020.3,,,9,,9,,,2,2,Sc,18,2779,,,-2.3,,.5,.5,2.2,3.4
108,서울,2024-12-15 08:00,-.6,,,9,1.3,,200,,72,,4.2,-5,1009.7,,1020.5,,0,,.02,,,,7,7,Sc,11,2815,,,-1.8,,.5,.5,2.2,3.4
108,서울,2024-12-15 09:00,.3,,,9,2.5,,200,,71,,4.4,-4.3,1009.6,,1020.4,,.3,,.21,,,,8,8,Sc,15,2920,,,-.8,,.5,.5,2.2,3.4
108,서울,2024-12-15 10:00,2,,,9,1.6,,250,,62,,4.4,-4.5,1009.8,,1020.5,,.5,,.68,,,,8,8,Sc,12,3631,,,-.4,,.6,.5,2.2,3.4
108,서울,2024-12-15 11:00,2.9,,,9,3.4,,290,,54,,4.1,-5.5,1010.1,,1020.8,,.2,,.6,,,,9,9,Sc,8,3382,,05,-.1,,.6,.5,2.2,3.4
108,서울,2024-12-15 12:00,3.6,,0,,2.5,,290,,57,,4.5,-4.1,1009.4,,1020.1,,.4,,1.11,,,,1,1,Sc,8,2964,,,1.6,,.6,.5,2.2,3.3
108,서울,2024-12-15 13:00,5.1,,,9,3.4,,270,,53,,4.6,-3.7,1008.6,,1019.2,,1,,1.92,,,,0,0,,,3258,,,4.2,,.7,.6,2.1,3.2
108,서울,2024-12-15 14:00,4.9,,,9,4.4,,290,,49,,4.2,-4.9,1008.1,,1018.7,,.9,,1.65,,,,2,2,Sc,12,3416,,,3.7,,.8,.7,2.1,3.2
108,서울,2024-12-15 15:00,5.1,,,9,3.7,,290,,42,,3.7,-6.7,1008.2,,1018.8,,.9,,1.37,,,,2,2,Sc,14,3617,,,2.6,,1,.8,2.1,3.2
108,서울,2024-12-15 16:00,4.5,,,9,4.1,,290,,38,,3.2,-8.6,1008.8,,1019.4,,.9,,.84,,,,0,0,,,3470,,,1,,1.1,.9,2.1,3.2
108,서울,2024-12-15 17:00,3.3,,,9,2.2,,270,,38,,3,-9.6,1009.2,,1019.9,,.9,,.35,,,,0,0,,,3830,,,0,,1.2,1,2.2,3.3
108,서울,2024-12-15 18:00,2.2,,,9,3.1,,270,,38,,2.7,-10.6,1009.7,,1020.4,,0,,.01,,,,0,0,,,4499,,,-.2,,1.1,1,2.3,3.4
108,서울,2024-12-15 19:00,1.5,,,9,3.6,,270,,35,,2.4,-12.3,1010.5,,1021.3,,,9,,9,,,0,0,,,4761,,,-.6,,1,.9,2.4,3.4
108,서울,2024-12-15 20:00,.7,,,9,3.4,,270,,36,,2.3,-12.7,1011.2,,1022,,,9,,9,,,0,0,,,4626,,,-1,,.9,.9,2.4,3.4
108,서울,2024-12-15 21:00,0,,,9,2.3,,290,,41,,2.5,-11.7,1011.7,,1022.6,,,9,,9,,,0,0,,,3811,,,-1.2,,.9,.9,2.4,3.4
108,서울,2024-12-15 22:00,-.7,,,9,1.7,,270,,45,,2.6,-11.1,1012.2,,1023.1,,,9,,9,,,0,0,,,4135,,,-1.4,,.9,.9,2.4,3.4
108,서울,2024-12-15 23:00,-1.4,,,9,1.6,,250,,48,,2.6,-11,1012.1,,1023,,,9,,9,,,0,0,,,4152,,,-1.8,,.8,.8,2.4,3.4
108,서울,2024-12-16 00:00,-2.2,,,9,1.1,,50,,52,,2.7,-10.7,1011.7,,1022.6,,,9,,9,,,0,0,,,3949,,,-2.3,,.7,.8,2.4,3.4
108,서울,2024-12-16 01:00,-2.5,,,,.5,,230,,55,,2.8,-10.3,1011.4,,1022.4,,,9,,9,,,0,0,,,3706,,,-2.9,,.7,.7,2.4,3.4
108,서울,2024-12-16 02:00,-2.5,,,,1,,270,,55,,2.8,-10.3,1011.2,,1022.2,,,9,,9,,,0,0,,,3956,,,-3.1,,.6,.7,2.4,3.4
108,서울,2024-12-16 03:00,-2.4,,,,1.2,,290,,58,,3,-9.5,1011.6,,1022.5,,,9,,9,,,0,0,,,3663,,,-3.4,,.5,.6,2.3,3.4
108,서울,2024-12-16 04:00,-2.7,,,,.7,,290,,60,,3,-9.4,1011.3,,1022.3,,,9,,9,,,0,0,,,3937,,,-3.7,,.5,.6,2.3,3.4
108,서울,2024-12-16 05:00,-3,,,,.4,,0,,63,,3.1,-9,1011.2,,1022.2,,,9,,9,,,0,0,,,3348,,,-4.1,,.4,.5,2.3,3.4
108,서울,2024-12-16 06:00,-3.1,,,,0,,0,,63,,3.1,-9.1,1010.9,,1021.9,,,9,,9,,,0,0,,,3763,,,-4.3,,.3,.4,2.3,3.4
108,서울,2024-12-16 07:00,-2.9,,,,.4,,0,,63,,3.1,-8.9,1011.4,,1022.4,,,9,,9,,,0,0,,,3451,,,-4.3,,.3,.3,2.3,3.4
108,서울,2024-12-16 08:00,-3.1,,,,1,,50,,64,,3.1,-8.9,1011.6,,1022.6,,.1,,.01,,,,0,0,,,2075,,,-4.2,,.2,.3,2.2,3.4
108,서울,2024-12-16 09:00,-2.1,,,,.1,,0,,62,,3.2,-8.4,1012,,1022.9,,1,,.33,,,,0,0,,,2573,,,-3.1,,.1,.2,2.2,3.4
108,서울,2024-12-16 10:00,1.1,,,,1.1,,180,,54,,3.6,-7.1,1012.1,,1022.9,,1,,.83,,,,0,0,,,3274,,,-.7,,.2,.2,2.2,3.3
108,서울,2024-12-16 11:00,2.8,,,,2.3,,250,,42,,3.1,-8.8,1011.7,,1022.4,,.9,,1.37,,,,3,3,Sc,11,3916,,,-.1,,.3,.3,2.1,3.3
108,서울,2024-12-16 12:00,3.8,,,,2.5,,270,,41,,3.3,-8.2,1010.9,,1021.6,,.8,,1.33,,,,8,8,Sc,10,4007,,,.8,,.3,.3,2,3.2
108,서울,2024-12-16 13:00,3.6,,,9,2.7,,290,,49,,3.9,-6.1,1010.1,,1020.8,,0,,.93,,,,9,9,Sc,10,2876,,05,1,,.4,.3,2,3.2
108,서울,2024-12-16 14:00,2.9,,,9,2.2,,270,,58,,4.4,-4.5,1009.8,,1020.5,,0,,.36,,,,9,9,Sc,10,1888,,05,.3,,.4,.3,2,3.2
108,서울,2024-12-16 15:00,2.3,,0,,2.1,,340,,70,,5,-2.6,1009.8,,1020.5,,0,,.16,,,,9,9,Sc,8,2154,,05,0,,.4,.3,1.9,3.1
108,서울,2024-12-16 16:00,2.2,,,9,.8,,340,,73,,5.2,-2.1,1009.8,,1020.5,,0,,.16,,,,9,9,Sc,7,822,,05,0,,.4,.3,1.9,3.1
108,서울,2024-12-16 17:00,1.8,,,9,1.8,,20,,78,,5.4,-1.6,1009.8,,1020.6,,0,,.12,,,,7,7,Sc,8,1630,,05,-.2,,.4,.3,1.9,3.1
108,서울,2024-12-16 18:00,1.3,,0,,1.3,,20,,81,,5.4,-1.6,1010.1,,1020.9,,0,,.01,,,,8,8,Sc,9,1590,,05,-.2,,.4,.3,2,3.1
108,서울,2024-12-16 19:00,1.4,,,9,.7,,360,,81,,5.5,-1.5,1010.5,,1021.3,,,9,,9,,,4,4,,6,1506,,,-.2,,.4,.4,2,3.1
108,서울,2024-12-16 20:00,.8,,,9,1.6,,290,,83,,5.4,-1.7,1011,,1021.8,,,9,,9,,,3,1,,59,1530,,,-.3,,.4,.4,2,3.2
108,서울,2024-12-16 21:00,.3,,,9,1.6,,270,,82,,5.1,-2.4,1011.4,,1022.2,,,9,,9,,,0,0,,,1552,,,-.5,,.4,.4,2,3.2
108,서울,2024-12-16 22:00,-.1,,,9,1.3,,320,,75,,4.5,-4,1011.8,,1022.7,,,9,,9,,,0,0,,,2236,,,-1,,.4,.4,2,3.2
108,서울,2024-12-16 23:00,-.9,,,9,.6,,20,,69,,4,-5.8,1012.6,,1023.5,,,9,,9,,,0,0,,,2184,,,-1.6,,.4,.4,2,3.2
108,서울,2024-12-17 00:00,-1.5,,,9,.8,,320,,70,,3.8,-6.2,1012.8,,1023.7,,,9,,9,,,0,0,,,2095,,,-2.3,,.4,.4,2,3.2
108,서울,2024-12-17 01:00,-1.9,,,,1,,290,,68,,3.6,-7,1012.9,,1023.8,,,9,,9,,,0,0,,,2235,,,-2.9,,.4,.4,2,3.2
108,서울,2024-12-17 02:00,-2.3,,,,.2,,0,,67,,3.5,-7.6,1012.8,,1023.8,,,9,,9,,,0,0,,,2458,,,-3.2,,.3,.4,2,3.1
108,서울,2024-12-17 03:00,-2.7,,,,1,,250,,68,,3.4,-7.7,1013.2,,1024.2,,,9,,9,,,0,0,,,2351,,,-3.5,,.3,.3,2,3.1
108,서울,2024-12-17 04:00,-3.1,,,,1.2,,250,,67,,3.3,-8.3,1013.2,,1024.2,,,9,,9,,,0,0,,,2704,,,-3.6,,.2,.3,2,3.1
108,서울,2024-12-17 05:00,-2.9,,,,.9,,270,,66,,3.3,-8.3,1013.4,,1024.4,,,9,,9,,,0,0,,,2977,,,-3.9,,.2,.2,2,3.1
108,서울,2024-12-17 06:00,-3.1,,,,.9,,250,,65,,3.2,-8.7,1013.5,,1024.5,,,9,,9,,,0,0,,,2877,,,-4.2,,.1,.2,2,3.1
108,서울,2024-12-17 07:00,-2.9,,,,.3,,0,,63,,3.1,-8.9,1013.8,,1024.8,,,9,,9,,,1,1,Sc,18,2918,,,-4.3,,0,.1,2,3.1
108,서울,2024-12-17 08:00,-2.2,,,,1.8,,290,,62,,3.2,-8.5,1014.3,,1025.3,,.1,,.01,,,,8,8,Sc,18,2943,,,-3.1,,0,.1,1.9,3.1
108,서울,2024-12-17 09:00,-1.8,,,,2.4,,270,,57,,3,-9.2,1014.6,,1025.6,,.4,,.24,,,,1,1,Sc,18,2867,,,-2.7,,0,.1,1.9,3.1
108,서울,2024-12-17 10:00,-1.1,,,,2.9,,290,,54,,3,-9.2,1015.2,,1026.1,,.3,,.51,,,,9,9,Sc,13,3041,,,-1,,.1,.1,1.8,3
108,서울,2024-12-17 11:00,-.2,,,,3.4,,270,,47,,2.8,-10.1,1015.1,,1026,,.5,,.92,,,,8,8,Sc,9,3035,,,-.4,,.1,.1,1.9,3.1
108,서울,2024-12-17 12:00,1.1,,,,1.6,,290,,42,,2.8,-10.4,1014.3,,1025.1,,.8,,1.51,,,,8,8,Sc,11,3645,,,1.1,,.2,.1,1.8,3
108,서울,2024-12-17 13:00,1.7,,,,2.5,,290,,38,,2.6,-11.1,1013.9,,1024.7,,.3,,1.07,,,,4,4,Sc,16,3537,,,2.1,,.2,.1,1.8,3
108,서울,2024-12-17 14:00,2.5,,,,2.8,,270,,38,,2.8,-10.4,1013.4,,1024.2,,.9,,1.38,,,,0,0,,,3665,,,2.9,,.2,.2,1.8,3
108,서울,2024-12-17 15:00,3.5,,,,3.9,,250,,37,,2.9,-9.8,1013.2,,1023.9,,1,,1.42,,,,0,0,,,3782,,,.9,,.2,.2,1.7,2.9
108,서울,2024-12-17 16:00,3.7,,,,2.9,,250,,37,,3,-9.6,1013.2,,1023.9,,1,,.84,,,,0,0,,,3492,,,-.1,,.3,.2,1.7,2.9
108,서울,2024-12-17 17:00,2.1,,,,3.4,,270,,39,,2.8,-10.4,1013.4,,1024.2,,.9,,.35,,,,0,0,,,3695,,,-.2,,.2,.2,1.8,3
108,서울,2024-12-17 18:00,1,,,,2.3,,270,,44,,2.9,-9.9,1013.9,,1024.7,,0,,.01,,,,0,0,,,3649,,,-.4,,.2,.2,1.8,3
108,서울,2024-12-17 19:00,.5,,,,3,,250,,51,,3.2,-8.4,1014,,1024.9,,,9,,9,,,0,0,,,3509,,,-.8,,.2,.2,1.8,2.9
108,서울,2024-12-17 20:00,-.1,,,,3.4,,270,,53,,3.2,-8.5,1014.4,,1025.3,,,9,,9,,,0,0,,,3764,,,-1.2,,.2,.2,1.8,2.9
108,서울,2024-12-17 21:00,-.7,,,,4,,290,,48,,2.8,-10.3,1014.7,,1025.6,,,9,,9,,,0,0,,,3585,,,-2,,.2,.2,1.8,2.9
108,서울,2024-12-17 22:00,-1.8,,,,4.4,,320,,52,,2.8,-10.3,1015.2,,1026.2,,,9,,9,,,0,0,,,3792,,,-2.8,,.2,.2,1.8,2.9
108,서울,2024-12-17 23:00,-2.8,,,,3,,290,,51,,2.5,-11.5,1015.5,,1026.5,,,9,,9,,,0,0,,,3881,,,-3.6,,.1,.2,1.8,2.9
108,서울,2024-12-18 00:00,-3.5,,,,2.5,,270,,53,,2.5,-11.7,1015.4,,1026.4,,,9,,9,,,0,0,,,3729,,,-4,,.1,.2,1.8,2.9
108,서울,2024-12-18 01:00,-4.1,,,,1.8,,340,,55,,2.5,-11.8,1014.9,,1026,,,9,,9,,,0,0,,,3606,,,-4.4,,0,.1,1.8,2.9
108,서울,2024-12-18 02:00,-4.6,,,,1.2,,360,,56,,2.4,-12,1015.1,,1026.2,,,9,,9,,,0,0,,,3388,,,-4.7,,0,.1,1.8,2.9
108,서울,2024-12-18 03:00,-4.9,,,,1.7,,290,,58,,2.5,-11.9,1015.3,,1026.4,,,9,,9,,,0,0,,,3542,,,-5,,0,0,1.8,2.9
108,서울,2024-12-18 04:00,-4.9,,,,2.3,,290,,57,,2.4,-12.1,1015,,1026.1,,,9,,9,,,0,0,,,3414,,,-5.2,,0,-.1,1.8,2.9
108,서울,2024-12-18 05:00,-5.3,,,,1.1,,360,,55,,2.3,-12.9,1015,,1026.1,,,9,,9,,,0,0,,,3264,,,-5.4,,-.1,-.1,1.8,2.9
108,서울,2024-12-18 06:00,-5.6,,,,2.1,,360,,55,,2.2,-13.2,1015.2,,1026.3,,,9,,9,,,0,0,,,3439,,,-5.6,,-.1,-.1,1.8,2.9
108,서울,2024-12-18 07:00,-5.9,,,,.9,,320,,55,,2.2,-13.5,1015.8,,1026.9,,,9,,9,,,0,0,,,3280,,,-5.8,,-.1,-.2,1.7,2.9
108,서울,2024-12-18 08:00,-6.2,,,,1.1,,270,,55,,2.1,-13.7,1016,,1027.2,,.1,,.01,,,,0,0,,,3438,,,-5.8,,-.1,-.2,1.7,2.9
108,서울,2024-12-18 09:00,-5.3,,,,2.5,,320,,49,,2,-14.3,1016.4,,1027.5,,1,,.38,,,,0,0,,,3227,,,-5,,-.2,-.2,1.7,2.9
108,서울,2024-12-18 10:00,-4,,,,2.7,,270,,45,,2,-14.2,1016.2,,1027.3,,1,,.95,,,,0,0,,,3714,,,-2,,-.2,-.3,1.6,2.8
108,서울,2024-12-18 11:00,-3.2,,,,2.9,,270,,42,,2,-14.3,1015.7,,1026.7,,1,,1.52,,,,0,0,,,3239,,,-.6,,-.2,-.2,1.6,2.8
108,서울,2024-12-18 12:00,-2,,,,2.6,,270,,40,,2.1,-13.8,1014.8,,1025.8,,1,,1.86,,,,0,0,,,2899,,,.5,,-.2,-.2,1.6,2.8
108,서울,2024-12-18 13:00,-.8,,,,2.8,,270,,38,,2.2,-13.3,1014.1,,1025,,1,,1.97,,,,0,0,,,2987,,,2.3,,-.1,-.2,1.6,2.8
108,서울,2024-12-18 14:00,-.5,,,,3.1,,290,,36,,2.1,-13.7,1013.8,,1024.7,,1,,1.84,,,,0,0,,,3542,,,3.4,,-.1,-.2,1.6,2.8
108,서울,2024-12-18 15:00,.5,,,,2.3,,270,,35,,2.2,-13.2,1013.8,,1024.7,,1,,1.51,,,,0,0,,,3165,,,.6,,-.1,-.2,1.6,2.8
108,서울,2024-12-18 16:00,.2,,,,3.1,,290,,35,,2.2,-13.4,1014.3,,1025.2,,1,,.95,,,,0,0,,,2974,,,-.2,,-.1,-.2,1.6,2.8
108,서울,2024-12-18 17:00,-1.1,,,,2.5,,270,,39,,2.2,-13.3,1014.7,,1025.6,,.9,,.37,,,,0,0,,,2755,,,-.3,,-.1,-.2,1.1,2.3
108,서울,2024-12-18 18:00,-2.1,,,,1.8,,290,,43,,2.3,-13,1015.5,,1026.5,,0,,.02,,,,0,0,,,2601,,,-1.1,,-.1,-.2,1.6,2.7
108,서울,2024-12-18 19:00,-2.7,,,,2,,290,,46,,2.3,-12.7,1016.1,,1027.1,,,9,,9,,,0,0,,,2522,,,-2.1,,-.1,-.2,1.5,2.7
108,서울,2024-12-18 20:00,-2.8,,,,3.8,,320,,46,,2.3,-12.8,1016.6,,1027.6,,,9,,9,,,0,0,,,2351,,,-3.3,,-.1,-.2,1.5,2.7
108,서울,2024-12-18 21:00,-3.4,,,,2.6,,320,,47,,2.2,-13.1,1017.1,,1028.2,,,9,,9,,,0,0,,,2260,,,-4,,-.2,-.2,1.5,2.7
108,서울,2024-12-18 22:00,-3.6,,,,3.8,,290,,48,,2.3,-13,1017.8,,1028.9,,,9,,9,,,0,0,,,2056,,,-4.5,,-.2,-.3,1.5,2.7
108,서울,2024-12-18 23:00,-4,,,,.7,,290,,48,,2.2,-13.4,1018.2,,1029.3,,,9,,9,,,0,0,,,1994,,,-4.9,,-.2,-.3,1.5,2.7
108,서울,2024-12-19 00:00,-4.6,,,,2,,270,,50,,2.2,-13.4,1018.4,,1029.5,,,9,,9,,,0,0,,,1961,,,-5.2,,-.2,-.3,1.5,2.7
108,서울,2024-12-19 01:00,-4.9,,,,1.1,,290,,52,,2.2,-13.2,1018.2,,1029.3,,,9,,9,,,0,0,,,1889,,,-5.6,,-.2,-.3,1.5,2.7
108,서울,2024-12-19 02:00,-5.3,,,,1,,20,,55,,2.3,-12.9,1018.3,,1029.4,,,9,,9,,,0,0,,,2033,,,-5.7,,-.3,-.4,1.5,2.7
108,서울,2024-12-19 03:00,-5.7,,,,2.2,,50,,54,,2.2,-13.5,1018.5,,1029.7,,,9,,9,,,0,0,,,2016,,,-5.8,,-.3,-.4,1.5,2.7
108,서울,2024-12-19 04:00,-5.9,,,,2.1,,20,,52,,2.1,-14.1,1018.7,,1029.9,,,9,,9,,,0,0,,,1974,,,-5.9,,-.3,-.4,1.5,2.7
108,서울,2024-12-19 05:00,-6.3,,,,.2,,0,,57,,2.2,-13.4,1019.2,,1030.4,,,9,,9,,,0,0,,,1992,,,-6.1,,-.4,-.5,1.5,2.7
108,서울,2024-12-19 06:00,-6.3,,,,1.5,,50,,58,,2.2,-13.2,1019.3,,1030.5,,,9,,9,,,0,0,,,2028,,,-6.2,,-.4,-.5,1.4,2.6
108,서울,2024-12-19 07:00,-6.2,,,,1.2,,360,,56,,2.2,-13.5,1020.1,,1031.3,,,9,,9,,,0,0,,,1890,,,-6.3,,-.5,-.6,1.4,2.6
108,서울,2024-12-19 08:00,-6.7,,,,2.4,,20,,61,,2.3,-12.9,1020.2,,1031.4,,.1,,.01,,,,0,0,,,1844,,,-6.2,,-.6,-.6,1.4,2.6
108,서울,2024-12-19 09:00,-5.7,,,,1.8,,50,,59,,2.4,-12.4,1020.6,,1031.8,,1,,.35,,,,0,0,,,1789,,,-5.1,,-.6,-.7,1.4,2.6
108,서울,2024-12-19 10:00,-3,,,,2.2,,50,,51,,2.5,-11.7,1020.4,,1031.5,,1,,.86,,,,0,0,,,1702,,,-1.9,,-.6,-.7,1.3,2.6
108,서울,2024-12-19 11:00,.2,,,,1.7,,160,,45,,2.8,-10.3,1020.2,,1031.1,,1,,1.44,,,,0,0,,,1774,,,-.4,,-.5,-.6,1.3,2.6
108,서울,2024-12-19 12:00,1.7,,,,2.8,,200,,41,,2.8,-10.1,1020.1,,1031,,1,,1.74,,,,0,0,,,1665,,,1.6,,-.3,-.6,.9,2.1
108,서울,2024-12-19 13:00,2.6,,,,1.3,,270,,38,,2.8,-10.3,1018.9,,1029.7,,1,,1.88,,,,0,0,,,1839,,,4.6,,-.3,-.5,.8,2.1
108,서울,2024-12-19 14:00,4.1,,,,1.9,,250,,33,,2.7,-10.7,1018,,1028.7,,1,,1.77,,,,0,0,,,2154,,,4.9,,-.2,-.5,.8,2
108,서울,2024-12-19 15:00,4.9,,,,2.6,,180,,30,,2.6,-11.2,1017.4,,1028.1,,1,,1.46,,,,0,0,,,2668,,,1.9,,-.2,-.5,.8,2
108,서울,2024-12-19 16:00,3.9,,,,1.4,,270,,28,,2.3,-12.9,1016.9,,1027.6,,.9,,.8,,,,5,0,Ci,,3336,,,-.1,,-.2,-.5,.8,2.1
108,서울,2024-12-19 17:00,2.2,,,,1.7,,270,,33,,2.4,-12.4,1017.2,,1028,,.2,,.22,,,,5,0,Ci,,3078,,,-.2,,-.2,-.4,1.2,2.4
108,서울,2024-12-19 18:00,1.1,,,,1.5,,290,,39,,2.6,-11.3,1017,,1027.9,,0,,0,,,,7,0,Ci,,2558,,,-.4,,-.2,-.3,1.3,2.5
108,서울,2024-12-19 19:00,.1,,,,1.8,,270,,44,,2.7,-10.7,1016.7,,1027.6,,,9,,9,,,6,2,,68,2372,,,-.9,,-.2,-.3,1.3,2.5
108,서울,2024-12-19 20:00,-.3,,,,2,,250,,47,,2.8,-10.2,1017,,1027.9,,,9,,9,,,7,7,,65,2133,,,-1.3,,-.2,-.3,1.3,2.5
108,서울,2024-12-19 21:00,-.4,,,,2.2,,270,,47,,2.8,-10.3,1016.9,,1027.8,,,9,,9,,,9,0,Ci,,2221,,,-1.8,,-.2,-.4,1.3,2.5
108,서울,2024-12-19 22:00,-.8,,,,1,,270,,48,,2.8,-10.4,1016.8,,1027.7,,,9,,9,,,10,9,,62,2203,,,-2.4,,-.3,-.4,1.3,2.5
108,서울,2024-12-19 23:00,-1,,,,1.3,,340,,49,,2.8,-10.3,1016.4,,1027.3,,,9,,9,,,10,10,,58,2212,,,-2.7,,-.3,-.4,1.3,2.5
108,서울,2024-12-20 00:00,-1.1,,,,.6,,20,,51,,2.9,-9.9,1015.9,,1026.8,,,9,,9,,,10,0,,,2177,,,-3,,-.3,-.4,1.3,2.5
108,서울,2024-12-20 01:00,-1.6,,,,2.2,,20,,52,,2.8,-10.1,1015.1,,1026.1,,,9,,9,,,10,10,,56,2245,,,-3.2,,-.3,-.4,1.3,2.4
108,서울,2024-12-20 02:00,-1.6,,,,2.4,,20,,53,,2.9,-9.9,1015.1,,1026.1,,,9,,9,,,10,10,,49,2179,,,-3.2,,-.3,-.4,1.3,2.4
108,서울,2024-12-20 03:00,-1.9,,,,1.8,,20,,54,,2.9,-9.9,1015.2,,1026.2,,,9,,9,,,9,0,Ci,,2111,,,-3.8,,-.3,-.4,1.3,2.4
108,서울,2024-12-20 04:00,-1.9,,,,1.4,,20,,55,,2.9,-9.7,1014.9,,1025.9,,,9,,9,,,10,0,Cs,,1994,,,-3.7,,-.4,-.5,1.3,2.4
108,서울,2024-12-20 05:00,-2.1,,,,1.9,,20,,58,,3,-9.2,1014.4,,1025.4,,,9,,9,,,10,4,ScCs,7,1952,,,-3.5,,-.4,-.5,1.2,2.4
108,서울,2024-12-20 06:00,-1.3,,,,1.6,,20,,57,,3.2,-8.7,1014.2,,1025.1,,,9,,9,,,10,7,ScCs,8,1922,,,-2.3,,-.4,-.5,1.2,2.4
108,서울,2024-12-20 07:00,-1,,,,2.3,,50,,58,,3.3,-8.2,1014,,1024.9,,,9,,9,,,9,9,Sc,10,1884,,,-2.2,,-.3,-.4,1.2,2.4
108,서울,2024-12-20 08:00,-.8,,,,2.1,,50,,58,,3.3,-8,1013.6,,1024.5,,0,,0,,,,10,8,ScCs,9,1914,,,-2,,-.3,-.4,1.2,2.4
108,서울,2024-12-20 09:00,-.3,,,,2.2,,50,,58,,3.5,-7.5,1013.1,,1024,,0,,.11,,,,10,6,ScCs,9,1823,,,-1.2,,-.3,-.4,1.2,2.4
108,서울,2024-12-20 10:00,.5,,,,2,,50,,55,,3.5,-7.5,1013.4,,1024.3,,0,,.24,,,,9,9,Sc,8,1713,,,-.6,,-.2,-.4,1.2,2.4
108,서울,2024-12-20 11:00,1.7,,,,1.6,,70,,51,,3.5,-7.3,1013.1,,1023.9,,0,,.52,,,,10,5,ScCs,7,1605,,,-.3,,-.2,-.4,1.2,2.3
108,서울,2024-12-20 12:00,2.7,,,,2.2,,50,,50,,3.7,-6.7,1012.1,,1022.8,,0,,.61,,,,9,5,ScAc,7,1528,,,.1,,-.2,-.3,1.1,2.3
108,서울,2024-12-20 13:00,4.1,,,,1.6,,110,,53,,4.3,-4.6,1011,,1021.7,,.4,,1.24,,,,9,9,Sc,16,1436,,,1.5,,-.2,-.4,.8,1.9
108,서울,2024-12-20 14:00,4.3,,,,2.1,,50,,53,,4.4,-4.4,1010,,1020.6,,0,,.64,,,,8,8,Sc,17,1391,,,2,,-.1,-.4,.8,1.9
108,서울,2024-12-20 15:00,4.6,,,,2.5,,50,,51,,4.3,-4.6,1009.6,,1020.2,,.3,,.76,,,,9,8,ScAc,16,1369,,,1.4,,-.1,-.4,.8,1.9
108,서울,2024-12-20 16:00,4.9,,,,1.4,,140,,53,,4.6,-3.8,1009.2,,1019.8,,.5,,.55,,,,4,1,ScAc,14,1440,,,.9,,-.1,-.4,.7,1.9
108,서울,2024-12-20 17:00,4,,,,.6,,110,,57,,4.6,-3.7,1009,,1019.6,,.2,,.22,,,,6,2,ScAc,8,1360,,,-.5,,-.1,-.4,.8,1.9
108,서울,2024-12-20 18:00,3.1,,,,2.7,,140,,64,,4.9,-3,1008.9,,1019.6,,0,,.01,,,,8,8,Sc,8,1354,,,-.2,,-.1,-.4,.7,1.9
108,서울,2024-12-20 19:00,3.1,,,,.9,,90,,65,,5,-2.8,1008.9,,1019.6,,,9,,9,,,9,8,,7,1242,,,-.2,,-.1,-.4,.7,1.9
108,서울,2024-12-20 20:00,2.8,,,9,1.5,,70,,66,,4.9,-2.9,1008.4,,1019.1,,,9,,9,,,9,9,Sc,9,1206,,05,-.2,,-.1,-.4,.7,1.9
108,서울,2024-12-20 21:00,2.5,,0,,2.5,,50,,67,,4.9,-3,1008,,1018.7,,,9,,9,,,9,9,Sc,6,859,,05,-.2,,-.1,-.4,.7,1.9
108,서울,2024-12-20 22:00,1.9,,,9,2,,50,,76,,5.4,-1.8,1007.7,,1018.4,,,9,,9,.2,,9,9,Sc,6,936,,1005,-.2,,-.1,-.4,.7,1.9
108,서울,2024-12-20 23:00,1.7,,,9,2.6,,20,,79,,5.5,-1.5,1007.3,,1018,,,9,,9,.2,,9,9,Sc,6,439,,05,-.2,,-.1,-.4,.7,1.9
108,서울,2024-12-21 00:00,1.4,,.4,,2.4,,20,,86,,5.8,-.6,1006.9,,1017.6,,,9,,9,.5,.5,9,9,Sc,5,453,,05,-.2,,-.1,-.4,.7,1.8
108,서울,2024-12-21 01:00,1.2,,,9,2.3,,50,,87,,5.8,-.7,1006.1,,1016.8,,,9,,9,.5,,9,9,Sc,5,494,,05,-.2,,-.1,-.3,.7,1.8
108,서울,2024-12-21 02:00,1.3,,,9,2.3,,20,,87,,5.8,-.6,1005.5,,1016.2,,,9,,9,.5,,7,7,,2,409,,,-.2,,-.1,-.4,.7,1.8
108,서울,2024-12-21 03:00,1.3,,1.3,,.6,,340,,91,,6.1,0,1005.5,,1016.2,,,9,,9,1.6,1.2,9,9,Sc,5,54,,05,-.2,,-.1,-.4,.7,1.8
108,서울,2024-12-21 04:00,1.5,,,9,3,,200,,93,,6.3,.4,1005,,1015.7,,,9,,9,1.6,,10,8,ScAs,5,177,,05,-.2,,-.1,-.3,.7,1.8
108,서울,2024-12-21 05:00,1.9,,,9,1.5,,270,,93,,6.5,.8,1004.2,,1014.9,,,9,,9,1.3,,9,9,Sc,5,281,,05,-.2,,-.1,-.4,.7,1.8
108,서울,2024-12-21 06:00,1.4,,.7,,3.4,,270,,94,,6.3,.5,1004.9,,1015.6,,,9,,9,1.3,.1,9,9,Sc,5,201,,0605,-.2,,-.1,-.4,.7,1.8
108,서울,2024-12-21 07:00,1,,,9,3.5,,290,,94,,6.2,.1,1005.4,,1016.1,,,9,,9,2.1,,10,8,ScAs,5,78,,05,-.2,,-.1,-.4,.7,1.8
108,서울,2024-12-21 08:00,.7,,,9,2,,270,,91,,5.8,-.6,1005.7,,1016.5,,0,,.01,,2.7,,9,9,Sc,5,315,,05,-.2,,-.1,-.3,.7,1.8
108,서울,2024-12-21 09:00,.5,,.9,,2.8,,250,,89,,5.6,-1.1,1006.8,,1017.6,,0,,.09,,2.3,1.4,6,6,Sc,5,349,,1905,-.2,,-.1,-.3,.7,1.8
108,서울,2024-12-21 10:00,.7,,,9,4,,270,,85,,5.5,-1.5,1007.5,,1018.3,,.6,,.65,,2.3,,4,4,Sc,5,442,,19,-.2,,-.1,-.3,.7,1.8
108,서울,2024-12-21 11:00,.5,,,9,3.8,,270,,77,,4.9,-3,1007.9,,1018.7,,.1,,.51,,2.1,,6,6,Sc,6,675,,19,-.2,,-.1,-.3,.7,1.8
108,서울,2024-12-21 12:00,.6,,,9,3.5,,290,,71,,4.5,-4,1007.4,,1018.2,,.6,,1.24,,1.8,,7,7,Sc,6,750,,19,-.2,,-.1,-.4,.7,1.8
108,서울,2024-12-21 13:00,.4,,,9,3.9,,270,,69,,4.3,-4.6,1007,,1017.8,,.2,,.74,,1.6,,8,8,Sc,7,800,,4019,-.2,,-.1,-.4,.7,1.8
108,서울,2024-12-21 14:00,.1,,,9,4.6,,290,,65,,4,-5.7,1007.2,,1018,,0,,.23,,1.6,,9,9,Sc,8,916,,40,-.2,,-.1,-.3,.7,1.8
108,서울,2024-12-21 15:00,.1,,,9,2.9,,290,,68,,4.2,-5.1,1007.2,,1018,,0,,.18,,1.4,,9,9,Sc,7,743,,40,-.2,,-.1,-.3,.7,1.8
108,서울,2024-12-21 16:00,-.2,,,9,2.5,,270,,67,,4.1,-5.5,1008.1,,1018.9,,0,,.19,,1.4,,5,5,Sc,7,768,,40,-.2,,-.1,-.3,.7,1.8
108,서울,2024-12-21 17:00,-.7,,,9,2.2,,290,,67,,3.9,-6,1009,,1019.8,,.5,,.18,,1.4,,2,2,Sc,9,705,,40,-.2,,-.1,-.3,.7,1.8
108,서울,2024-12-21 18:00,-1.4,,,9,2.8,,290,,67,,3.7,-6.7,1010,,1020.9,,0,,.01,,1.4,,2,2,Sc,10,695,,40,-.2,,-.1,-.3,.7,1.8
108,서울,2024-12-21 19:00,-2.1,,,9,3.1,,270,,65,,3.4,-7.8,1010.8,,1021.7,,,9,,9,1.4,,0,0,,,1014,,40,-.4,,-.1,-.3,.7,1.8
108,서울,2024-12-21 20:00,-2.6,,,9,4.4,,270,,62,,3.1,-8.8,1011.4,,1022.4,,,9,,9,1.4,,0,0,,,1546,,,-.6,,-.1,-.3,.7,1.7
108,서울,2024-12-21 21:00,-3.3,,,9,2.9,,270,,57,,2.7,-10.6,1011.9,,1022.9,,,9,,9,1.4,,0,0,,,2053,,,-.9,,-.1,-.3,.7,1.7
108,서울,2024-12-21 22:00,-3.8,,,9,2.4,,270,,58,,2.7,-10.8,1012.1,,1023.1,,,9,,9,1.4,,0,0,,,2218,,,-1.5,,-.1,-.3,.7,1.7
108,서울,2024-12-21 23:00,-4.2,,,9,2.4,,290,,56,,2.5,-11.6,1012.7,,1023.7,,,9,,9,1.4,,0,0,,,2695,,,-2.1,,-.1,-.3,.7,1.7
108,서울,2024-12-22 00:00,-4.7,,,9,1.9,,270,,56,,2.4,-12.1,1013,,1024.1,,,9,,9,1.4,,0,0,,,3239,,,-2.6,,-.1,-.3,.7,1.7
108,서울,2024-12-22 01:00,-5.3,,,,2.4,,320,,57,,2.3,-12.5,1013.2,,1024.3,,,9,,9,1.4,,0,0,,,2982,,,-3,,-.1,-.3,.7,1.7
108,서울,2024-12-22 02:00,-5.5,,,,2.6,,340,,56,,2.3,-12.9,1013.7,,1024.8,,,9,,9,1.4,,0,0,,,3248,,,-3.3,,-.1,-.4,.7,1.7
108,서울,2024-12-22 03:00,-6.1,,,,2.1,,360,,59,,2.3,-12.8,1014.3,,1025.4,,,9,,9,1.4,,0,0,,,3087,,,-3.6,,-.1,-.4,.7,1.7
108,서울,2024-12-22 04:00,-6.5,,,,2,,340,,59,,2.2,-13.2,1014.8,,1026,,,9,,9,1.4,,0,0,,,3453,,,-3.8,,-.2,-.4,.6,1.7
108,서울,2024-12-22 05:00,-6.9,,,,1.3,,20,,58,,2.1,-13.7,1014.8,,1026,,,9,,9,1.4,,0,0,,,3450,,,-4.1,,-.2,-.4,.7,1.7
108,서울,2024-12-22 06:00,-7.3,,,,.8,,360,,58,,2.1,-14.1,1015.2,,1026.4,,,9,,9,1.4,,0,0,,,3686,,,-4.3,,-.2,-.2,1.2,2.3
108,서울,2024-12-22 07:00,-7.3,,,,2.3,,250,,59,,2.1,-13.9,1016.3,,1027.5,,,9,,9,1.4,,0,0,,,3853,,,-4.4,,-.2,-.3,1.2,2.3
108,서울,2024-12-22 08:00,-7.6,,,,.6,,290,,60,,2.1,-14,1016.9,,1028.1,,0,0,0,0,1.4,,0,0,,,3657,,,-4.5,,-.3,-.3,1.2,2.3
108,서울,2024-12-22 09:00,-6.6,,,,2,,290,,57,,2.1,-13.7,1017.9,,1029.1,,1,,.38,,1.1,,0,0,,,4174,,,-4.1,,-.3,-.3,1.2,2.3
108,서울,2024-12-22 10:00,-4.7,,,,.8,,270,,54,,2.3,-12.6,1018.4,,1029.5,,1,,.92,,1,,0,0,,,3894,,,-2.3,,-.3,-.3,1.2,2.3
108,서울,2024-12-22 11:00,-3,,,,2.4,,290,,47,,2.3,-12.7,1018.5,,1029.6,,1,,1.49,,1,,0,0,,,3985,,,-1,,-.3,-.3,1.2,2.3
108,서울,2024-12-22 12:00,-1.6,,,,3.5,,290,,42,,2.3,-12.8,1017.7,,1028.7,,1,,1.86,,.9,,0,0,,,3880,,,-.5,,-.2,-.3,1.2,2.3
108,서울,2024-12-22 13:00,-.4,,,,4.2,,270,,40,,2.4,-12.3,1016.7,,1027.6,,1,,1.98,,.9,,0,0,,,3729,,,-.3,,-.2,-.3,1.2,2.3
108,서울,2024-12-22 14:00,.2,,,,3.2,,290,,39,,2.4,-12.1,1016.2,,1027.1,,1,,1.89,,.8,,0,0,,,3711,,,.1,,-.2,-.3,1.2,2.2
108,서울,2024-12-22 15:00,.5,,,,3,,290,,40,,2.5,-11.5,1016.1,,1027,,1,,1.55,,.7,,0,0,,,4080,,,0,,-.2,-.3,1.2,2.2
108,서울,2024-12-22 16:00,.9,,,,3.7,,250,,40,,2.6,-11.2,1016.2,,1027.1,,1,,.98,,.7,,0,0,,,4175,,,-.2,,-.2,-.3,1.2,2.2
108,서울,2024-12-22 17:00,0,,,,3,,270,,43,,2.6,-11.1,1016,,1026.9,,1,,.4,,.7,,0,0,,,3833,,,-.2,,-.2,-.3,1.2,2.2
108,서울,2024-12-22 18:00,-.9,,,,2,,270,,49,,2.8,-10.2,1015.9,,1026.8,,0,,.02,,.7,,0,0,,,3268,,,-.5,,-.2,-.3,1.2,2.2
108,서울,2024-12-22 19:00,-1.5,,,,1.4,,230,,53,,2.9,-9.8,1016.3,,1027.3,,,9,,9,.7,,0,0,,,3069,,,-1.1,,-.2,-.3,1.2,2.2
108,서울,2024-12-22 20:00,-1.6,,,,2,,250,,55,,3,-9.4,1016.7,,1027.7,,,9,,9,.7,,0,0,,,2918,,,-1.7,,-.2,-.3,1.2,2.2
108,서울,2024-12-22 21:00,-1.7,,,,1.8,,250,,56,,3,-9.3,1016.7,,1027.7,,,9,,9,.7,,0,0,,,3123,,,-2.3,,-.2,-.3,1.2,2.2
108,서울,2024-12-22 22:00,-2.3,,,,.8,,270,,56,,2.9,-9.9,1017,,1028,,,9,,9,.7,,0,0,,,3061,,,-2.9,,-.2,-.3,1.2,2.2
108,서울,2024-12-22 23:00,-2.8,,,,.6,,270,,59,,2.9,-9.7,1016.8,,1027.8,,,9,,9,.7,,0,0,,,2846,,,-3.5,,-.3,-.3,1.2,2.2
108,서울,2024-12-23 00:00,-3.2,,,,.7,,290,,62,,3,-9.4,1016.5,,1027.5,,,9,,9,.7,,0,0,,,2950,,,-3.9,,-.3,-.4,1.2,2.2
108,서울,2024-12-23 01:00,-3.7,,,,1.3,,250,,65,,3,-9.3,1016.5,,1027.6,,,9,,9,.7,,0,0,,,2736,,,-4.1,,-.3,-.4,1.2,2.2
108,서울,2024-12-23 02:00,-3.7,,,,1.2,,270,,66,,3.1,-9.1,1016.9,,1028,,,9,,9,.7,,0,0,,,2669,,,-4.2,,-.3,-.4,1.2,2.2
108,서울,2024-12-23 03:00,-4.2,,,,.7,,270,,69,,3.1,-9,1016.9,,1028,,,9,,9,.7,,0,0,,,2505,,,-4.3,,-.4,-.4,1.2,2.2
108,서울,2024-12-23 04:00,-4.4,,,,1,,50,,67,,3,-9.6,1017,,1028.1,,,9,,9,.7,,6,6,Sc,11,2890,,,-4.2,,-.4,-.4,1.2,2.2
108,서울,2024-12-23 05:00,-4.2,,,,.7,,50,,66,,3,-9.6,1016.5,,1027.6,,,9,,9,.7,,7,7,Sc,12,3225,,,-3.3,,-.4,-.5,1.2,2.2
108,서울,2024-12-23 06:00,-4.5,,,,1.6,,20,,69,,3,-9.3,1016.5,,1027.6,,,9,,9,.7,,0,0,,,3173,,,-3.7,,-.4,-.5,1.2,2.2
108,서울,2024-12-23 07:00,-4.9,,,,2.3,,20,,72,,3.1,-9.1,1016.2,,1027.3,,,9,,9,.7,,0,0,,,2803,,,-4,,-.4,-.5,1.2,2.2
108,서울,2024-12-23 08:00,-4.2,,,,2.1,,50,,75,,3.4,-7.9,1015.8,,1026.9,,0,,0,,.7,,8,8,Sc,13,2678,,,-2.9,,-.5,-.5,1.1,2.2
108,서울,2024-12-23 09:00,-3.2,,,,2.3,,50,,71,,3.4,-7.7,1016.2,,1027.2,,0,,.17,,.7,,7,7,Sc,14,2523,,,-1.9,,-.4,-.5,1.1,2.2
108,서울,2024-12-23 10:00,-1.8,,,,2.8,,50,,67,,3.6,-7.1,1016.4,,1027.4,,.4,,.61,,.7,,1,1,Sc,13,2468,,,-1.1,,-.4,-.5,1.1,2.2
108,서울,2024-12-23 11:00,.8,,,,1.5,,70,,57,,3.7,-6.7,1016.1,,1027,,.9,,1.23,,.7,,0,0,,,2979,,,-.5,,-.3,-.4,1.1,2.2
108,서울,2024-12-23 12:00,3.8,,,,1.6,,160,,54,,4.3,-4.6,1014.9,,1025.6,,1,,1.77,,.5,,0,0,,,2734,,,.8,,-.3,-.4,1.1,2.2
108,서울,2024-12-23 13:00,5.4,,,,2.2,,200,,51,,4.6,-3.9,1014,,1024.7,,1,,1.91,,,,0,0,,,2532,,,3.3,,-.2,-.4,1.1,2.2
108,서울,2024-12-23 14:00,5.7,,,,3.5,,290,,42,,3.8,-6.2,1013.3,,1023.9,,1,,1.8,,,,0,0,,,3111,,,4.2,,-.2,-.4,1.1,2.2
108,서울,2024-12-23 15:00,6.6,,,,3.3,,250,,42,,4.1,-5.4,1013.2,,1023.8,,1,,1.48,,,,0,0,,,3603,,,2.2,,-.2,-.3,1.1,2.2
108,서울,2024-12-23 16:00,6.5,,,,2.5,,270,,47,,4.5,-4,1013.3,,1023.9,,1,,.92,,,,0,0,,,2930,,,1,,-.2,-.3,1.1,2.2
108,서울,2024-12-23 17:00,5.1,,,,2.8,,250,,48,,4.2,-5,1013.5,,1024.2,,1,,.38,,,,0,0,,,3129,,,-.2,,-.1,-.3,1.1,2.2
108,서울,2024-12-23 18:00,3.7,,,,3.1,,250,,59,,4.7,-3.5,1013.8,,1024.5,,0,,.02,,,,0,0,,,2556,,,-.2,,-.1,-.3,1.1,2.2
108,서울,2024-12-23 19:00,2.9,,,,3.2,,250,,57,,4.3,-4.7,1013.9,,1024.6,,,9,,9,,,0,0,,,2646,,,-.3,,-.1,-.3,1.1,2.2
108,서울,2024-12-23 20:00,2,,,,2.6,,270,,58,,4.1,-5.4,1014.2,,1025,,,9,,9,,,0,0,,,2650,,,-.5,,-.1,-.3,1.1,2.2
108,서울,2024-12-23 21:00,1.5,,,,2.8,,270,,53,,3.6,-7,1014.6,,1025.4,,,9,,9,,,0,0,,,2494,,,-.8,,-.1,-.3,1.1,2.2
108,서울,2024-12-23 22:00,.7,,,,3,,290,,47,,3,-9.3,1015,,1025.9,,,9,,9,,,0,0,,,2950,,,-1.1,,-.1,-.3,1.1,2.2
108,서울,2024-12-23 23:00,-.1,,,,3.2,,320,,48,,2.9,-9.8,1015.5,,1026.4,,,9,,9,,,0,0,,,3293,,,-1.6,,-.1,-.3,1.1,2.1
108,서울,2024-12-24 00:00,-1.1,,,,1.6,,320,,51,,2.9,-9.9,1015.9,,1026.8,,,9,,9,,,0,0,,,3269,,,-2.4,,-.1,-.3,1.1,2.2
108,서울,2024-12-24 01:00,-2.2,,,,.7,,270,,55,,2.9,-10,1016.1,,1027.1,,,9,,9,,,0,0,,,3025,,,-3.1,,-.2,-.3,1.1,2.1
108,서울,2024-12-24 02:00,-2.8,,,,.3,,0,,58,,2.9,-9.9,1016.2,,1027.2,,,9,,9,,,0,0,,,2898,,,-3.6,,-.2,-.3,1.1,2.1
108,서울,2024-12-24 03:00,-3,,,,1,,290,,60,,3,-9.6,1016.4,,1027.4,,,9,,9,,,0,0,,,2737,,,-4,,-.2,-.3,1.1,2.1
108,서울,2024-12-24 04:00,-3.5,,,,.7,,320,,63,,3,-9.5,1016.4,,1027.5,,,9,,9,,,0,0,,,2677,,,-4.5,,-.3,-.3,1.1,2.1
108,서울,2024-12-24 05:00,-4,,,,.7,,270,,65,,3,-9.6,1016.4,,1027.5,,,9,,9,,,0,0,,,2574,,,-4.9,,-.3,-.4,1.1,2.1
108,서울,2024-12-24 06:00,-4.1,,,,1,,270,,67,,3,-9.3,1016.5,,1027.6,,,9,,9,,,0,0,,,2470,,,-5.1,,-.4,-.4,1.1,2.1
108,서울,2024-12-24 07:00,-4,,,,1.1,,270,,66,,3,-9.4,1016.9,,1028,,,9,,9,,,0,0,,,2350,,,-5.1,,-.4,-.5,1.1,2.1
108,서울,2024-12-24 08:00,-4.1,,,,.8,,290,,69,,3.1,-8.9,1017,,1028.1,,0,,0,,,,0,0,,,2450,,,-5.1,,-.4,-.5,1.1,2.1
108,서울,2024-12-24 09:00,-3.4,,,,1.2,,250,,64,,3,-9.2,1017.5,,1028.6,,1,,.34,,,,0,0,,,2497,,,-4.2,,-.5,-.5,1.1,2.1
108,서울,2024-12-24 10:00,-1.3,,,,1.8,,320,,56,,3.1,-8.9,1017.8,,1028.8,,1,,.89,,,,0,0,,,2624,,,-1.3,,-.4,-.5,1.1,2.1
108,서울,2024-12-24 11:00,.2,,,,1.3,,290,,45,,2.8,-10.3,1017.6,,1028.5,,1,,1.47,,,,0,0,,,2814,,,-.3,,-.3,-.5,1.1,2.1
108,서울,2024-12-24 12:00,1.9,,,,2.1,,290,,37,,2.6,-11.2,1017.3,,1028.1,,1,,1.82,,,,0,0,,,3188,,,1.1,,-.3,-.4,1.1,2.1
108,서울,2024-12-24 13:00,3,,,,2.6,,230,,35,,2.6,-11,1017.3,,1028.1,,1,,1.94,,,,0,0,,,3334,,,3.3,,-.2,-.4,1.1,2.1
108,서울,2024-12-24 14:00,4,,,,2.3,,230,,34,,2.8,-10.4,1016.7,,1027.4,,1,,1.83,,,,0,0,,,3071,,,4.5,,-.2,-.4,1.1,2.1
108,서울,2024-12-24 15:00,4.7,,,,1.8,,200,,33,,2.8,-10.2,1016.3,,1027,,1,,1.5,,,,0,0,,,2769,,,2.1,,-.2,-.4,1,2.1
108,서울,2024-12-24 16:00,4.4,,,,1.5,,290,,32,,2.7,-10.8,1016.5,,1027.2,,1,,.88,,,,2,0,Ci,,3279,,,.2,,-.2,-.3,1.1,2.1
108,서울,2024-12-24 17:00,3.1,,,,2.1,,270,,34,,2.6,-11.2,1016.7,,1027.5,,1,,.38,,,,0,0,,,2635,,,-.2,,-.2,-.3,1.1,2.1
108,서울,2024-12-24 18:00,1.5,,,,1.5,,270,,39,,2.7,-10.9,1016.5,,1027.3,,0,,.01,,,,0,0,,,2841,,,-.4,,-.2,-.3,1.1,2.1
108,서울,2024-12-24 19:00,.7,,,,1.3,,270,,46,,3,-9.6,1017.2,,1028.1,,,9,,9,,,4,1,,67,2772,,,-.7,,-.2,-.3,1.1,2.1
108,서울,2024-12-24 20:00,.2,,,,1,,290,,50,,3.1,-9,1017.5,,1028.4,,,9,,9,,,8,4,,62,2556,,,-.8,,-.2,-.3,1.1,2.1
108,서울,2024-12-24 21:00,-.3,,,,1.1,,270,,50,,3,-9.4,1017.2,,1028.1,,,9,,9,,,8,0,Ci,,2731,,,-1,,-.2,-.3,1.1,2.1
108,서울,2024-12-24 22:00,-.2,,,,1.3,,360,,52,,3.1,-8.8,1017.1,,1028,,,9,,9,,,10,9,,43,2518,,,-1.1,,-.2,-.3,1.1,2.1
108,서울,2024-12-24 23:00,0,,,,1.3,,20,,53,,3.2,-8.4,1017.2,,1028.1,,,9,,9,,,10,10,,37,2431,,,-1.1,,-.2,-.3,1.1,2.1
108,서울,2024-12-25 00:00,-.3,,,,1.8,,50,,52,,3.1,-8.9,1017.2,,1028.1,,,9,,9,,,9,7,AcCi,40,2299,,,-1.4,,-.2,-.3,1,2.1
108,서울,2024-12-25 01:00,-.1,,,,1.1,,20,,52,,3.2,-8.7,1017,,1027.9,,,9,,9,,,9,9,,40,2219,,,-1.6,,-.2,-.3,1.1,2.1
108,서울,2024-12-25 02:00,-.1,,,,1.2,,50,,55,,3.3,-8,1017.1,,1028,,,9,,9,,,9,9,,41,2213,,,-1.7,,-.2,-.3,1.1,2.1
108,서울,2024-12-25 03:00,-.5,,,,1.9,,20,,57,,3.4,-7.9,1017.1,,1028,,,9,,9,,,8,8,Ac,40,2272,,,-1.8,,-.2,-.4,1.1,2.1
108,서울,2024-12-25 04:00,-.7,,,,1.6,,50,,57,,3.3,-8.1,1017,,1027.9,,,9,,9,,,8,8,Ac,40,2229,,,-2.1,,-.2,-.4,1,2.1
108,서울,2024-12-25 05:00,-1.1,,,,1.8,,20,,61,,3.5,-7.6,1016.5,,1027.4,,,9,,9,,,8,8,Sc,7,2097,,,-2.2,,-.2,-.4,1,2.1
108,서울,2024-12-25 06:00,-.8,,,,2,,50,,62,,3.6,-7.1,1016,,1026.9,,,9,,9,,,8,5,ScAc,8,2118,,,-2.1,,-.2,-.4,1,2.1
108,서울,2024-12-25 07:00,-.9,,,,1.7,,50,,63,,3.6,-7,1015.8,,1026.7,,,9,,9,,,8,4,ScAc,8,2081,,,-1.9,,-.2,-.4,1,2.1
108,서울,2024-12-25 08:00,-.9,,,,1.2,,50,,62,,3.6,-7.2,1016,,1026.9,,0,,0,,,,8,3,ScCi,7,2177,,,-2.3,,-.2,-.4,1,2.1
108,서울,2024-12-25 09:00,-.6,,,,1.9,,360,,65,,3.8,-6.3,1016.2,,1027.1,,0,,.16,,,,9,1,ScCi,10,1817,,,-1.5,,-.3,-.4,1,2.1
108,서울,2024-12-25 10:00,.2,,,,2,,50,,63,,3.9,-6,1015.6,,1026.5,,.1,,.42,,,,8,0,Ci,,1938,,,-.6,,-.2,-.4,1,2
108,서울,2024-12-25 11:00,2.3,,,,2,,180,,63,,4.5,-4,1016.2,,1027,,.4,,.85,,,,4,0,Cc,,1848,,,-.3,,-.2,-.3,1,2
108,서울,2024-12-25 12:00,3.5,,,,1.2,,230,,60,,4.7,-3.5,1014.8,,1025.5,,.3,,.8,,,,9,0,Cs,,2243,,,.2,,-.2,-.3,1,2
108,서울,2024-12-25 13:00,4.7,,,,2.1,,180,,59,,5,-2.6,1013.5,,1024.2,,.3,,1,,,,5,0,Ci,,2074,,,1.4,,-.2,-.3,1,2
108,서울,2024-12-25 14:00,6,,,,2.2,,250,,56,,5.2,-2.1,1012.7,,1023.3,,.8,,1.39,,,,4,1,ScCi,10,2693,,,3.8,,-.1,-.3,1,2
108,서울,2024-12-25 15:00,5.9,,,,3.4,,250,,53,,4.9,-2.9,1012.3,,1022.9,,.5,,1,,,,8,6,ScCi,11,3431,,,2.2,,-.1,-.3,1,2
108,서울,2024-12-25 16:00,5.7,,,,3.4,,250,,57,,5.2,-2.1,1012,,1022.6,,.2,,.53,,,,8,1,ScCi,12,3648,,,.9,,-.1,-.3,1,2
108,서울,2024-12-25 17:00,5.2,,,,2.3,,200,,62,,5.5,-1.5,1012.2,,1022.9,,.4,,.29,,,,7,0,Ci,,2862,,,-.3,,-.1,-.3,1,2
108,서울,2024-12-25 18:00,4.6,,,,1.7,,230,,67,,5.7,-1,1012,,1022.6,,0,,.02,,,,10,6,ScCs,16,2683,,,-.2,,-.1,-.3,1,2
108,서울,2024-12-25 19:00,5,,,,2.4,,200,,68,,5.9,-.4,1011.7,,1022.4,,,9,,9,,,10,9,,9,2835,,,-.1,,-.1,-.3,1,2
108,서울,2024-12-25 20:00,5.1,,,9,2.5,,230,,68,,6,-.3,1011.2,,1021.8,,,9,,9,,,8,8,Sc,9,2540,,01,.3,,-.1,-.3,1,2
108,서울,2024-12-25 21:00,5.1,,0,,2,,200,,69,,6.1,-.1,1011.5,,1022.1,,,9,,9,,,9,7,ScCi,8,2155,,,.1,,-.1,-.3,1,2
108,서울,2024-12-25 22:00,4.8,,,9,2.1,,200,,71,,6.1,0,1011.1,,1021.8,,,9,,9,,,8,2,,16,1976,,,-.2,,-.1,-.3,1,2
108,서울,2024-12-25 23:00,4.8,,,9,2.6,,250,,78,,6.7,1.2,1011.4,,1022.1,,,9,,9,,,8,0,Ci,,1111,,01,-.2,,-.1,-.3,1,2
108,서울,2024-12-26 00:00,4.2,,.1,,2.1,,250,,72,,5.9,-.4,1011.3,,1022,,,9,,9,,,5,0,,,893,,19,-.2,,-.1,-.3,1,2
108,서울,2024-12-26 01:00,3.6,,,,1.4,,250,,71,,5.6,-1.1,1011.1,,1021.8,,,9,,9,,,6,6,,69,832,,19,-.2,,-.1,-.3,1,2
108,서울,2024-12-26 02:00,3.5,,,,1.5,,230,,71,,5.6,-1.2,1011.1,,1021.8,,,9,,9,,,0,0,,,748,,19,-.2,,-.1,-.3,1,2
108,서울,2024-12-26 03:00,3.3,,,,1.6,,230,,75,,5.8,-.7,1011.4,,1022.1,,,9,,9,,,6,6,Sc,10,610,,19,-.3,,-.1,-.3,1,2
108,서울,2024-12-26 04:00,4.2,,,9,4,,290,,76,,6.2,.3,1011.5,,1022.2,,,9,,9,,,10,8,ScAs,9,471,,1901,-.2,,-.1,-.3,1,2
108,서울,2024-12-26 05:00,3.3,,,9,3,,250,,76,,5.9,-.5,1011.2,,1021.9,,,9,,9,,,6,0,Ci,,509,,1901,-.3,,-.1,-.3,1,2
108,서울,2024-12-26 06:00,2.5,,0,,1.8,,270,,78,,5.7,-.9,1011.7,,1022.4,,,9,,9,,,0,0,,,488,,19,-.5,,-.1,-.3,1,2
108,서울,2024-12-26 07:00,1.8,,,9,3,,270,,70,,4.9,-3,1012.3,,1023.1,,,9,,9,,,0,0,,,612,,19,-.7,,-.1,-.3,1,2
108,서울,2024-12-26 08:00,1,,,9,3.5,,270,,68,,4.5,-4.2,1013.2,,1024,,0,,0,,,,0,0,,,641,,4019,-1,,-.1,-.3,1,2
108,서울,2024-12-26 09:00,.3,,,9,3.4,,270,,62,,3.9,-6.1,1013.5,,1024.4,,.6,,.24,,,,0,0,,,852,,40,-1,,-.1,-.3,1,2
108,서울,2024-12-26 10:00,.5,,,9,4.5,,270,,46,,2.9,-9.8,1014.1,,1025,,1,,.84,,,,0,0,,,1982,,40,-.5,,-.1,-.3,1,2
108,서울,2024-12-26 11:00,.5,,,9,4.2,,290,,44,,2.8,-10.3,1014.5,,1025.4,,1,,1.45,,,,0,0,,,2271,,,-.2,,-.1,-.3,1,2
108,서울,2024-12-26 12:00,1.3,,,9,4.9,,250,,41,,2.8,-10.5,1014,,1024.8,,1,,1.84,,,,0,0,,,2410,,,1.1,,-.1,-.3,1,2
108,서울,2024-12-26 13:00,1.5,,,9,3.9,,270,,39,,2.7,-10.9,1013.3,,1024.1,,1,,1.98,,,,0,0,,,2242,,,4,,-.1,-.2,1,2
108,서울,2024-12-26 14:00,1.2,,,9,4.6,,290,,40,,2.7,-10.9,1013,,1023.8,,1,,1.87,,,,0,0,,,2372,,,3.6,,-.1,-.2,1.1,2
108,서울,2024-12-26 15:00,2.4,,,9,4.5,,250,,45,,3.3,-8.3,1012.8,,1023.6,,1,,1.51,,,,0,0,,,2422,,,1.6,,-.1,-.2,1.1,2
108,서울,2024-12-26 16:00,1.8,,,9,3.9,,270,,43,,3,-9.4,1012.8,,1023.6,,1,,.95,,,,0,0,,,2581,,,0,,-.1,-.2,1.1,2
108,서울,2024-12-26 17:00,.7,,,9,4,,250,,46,,3,-9.6,1012.8,,1023.6,,1,,.4,,,,0,0,,,3213,,,-.2,,-.1,-.2,1.1,2
108,서울,2024-12-26 18:00,-.4,,,9,3.8,,270,,53,,3.1,-8.8,1013.6,,1024.5,,0,,.02,,,,0,0,,,2879,,,-.5,,-.1,-.2,1.1,2
108,서울,2024-12-26 19:00,-1.4,,,9,4,,270,,50,,2.8,-10.5,1013.9,,1024.8,,,9,,9,,,0,0,,,2898,,,-1,,-.1,-.2,1.1,2
108,서울,2024-12-26 20:00,-2.3,,,9,3.7,,290,,54,,2.8,-10.3,1014.6,,1025.6,,,9,,9,,,0,0,,,2628,,,-1.4,,-.1,-.2,1.1,2
108,서울,2024-12-26 21:00,-3.6,,,9,4.3,,270,,55,,2.6,-11.3,1015.4,,1026.4,,,9,,9,,,0,0,,,3158,,,-2.4,,-.1,-.2,1.1,2
108,서울,2024-12-26 22:00,-4,,,9,3.4,,270,,56,,2.5,-11.5,1016,,1027.1,,,9,,9,,,0,0,,,3068,,,-3.2,,-.1,-.2,1.1,2
108,서울,2024-12-26 23:00,-4.4,,,9,2.9,,270,,53,,2.3,-12.5,1016.5,,1027.6,,,9,,9,,,0,0,,,3080,,,-3.8,,-.2,-.3,1.1,2
108,서울,2024-12-27 00:00,-4.8,,,9,1.4,,270,,54,,2.3,-12.7,1016.5,,1027.6,,,9,,9,,,0,0,,,2947,,,-4.2,,-.2,-.3,1.1,2
108,서울,2024-12-27 01:00,-4.8,,,,2.6,,270,,54,,2.3,-12.7,1016.4,,1027.5,,,9,,9,,,0,0,,,3181,,,-4.5,,-.2,-.3,1.1,2
108,서울,2024-12-27 02:00,-5,,,,2.1,,250,,55,,2.3,-12.6,1016.6,,1027.7,,,9,,9,,,0,0,,,3030,,,-4.8,,-.2,-.3,1,2
108,서울,2024-12-27 03:00,-5,,,,2.8,,250,,55,,2.3,-12.6,1016.8,,1027.9,,,9,,9,,,0,0,,,3199,,,-4.9,,-.2,-.3,1,2
108,서울,2024-12-27 04:00,-4.9,,,,3.1,,270,,50,,2.1,-13.7,1016.5,,1027.6,,,9,,9,,,0,0,,,3585,,,-5,,-.3,-.3,1,2
108,서울,2024-12-27 05:00,-5,,,,3.3,,250,,49,,2.1,-14,1016,,1027.1,,,9,,9,,,0,0,,,3538,,,-5.2,,-.3,-.4,1,2
108,서울,2024-12-27 06:00,-5.1,,,,2.5,,270,,49,,2.1,-14.1,1016.2,,1027.3,,,9,,9,,,0,0,,,3436,,,-5.3,,-.3,-.4,1,2
108,서울,2024-12-27 07:00,-5.7,,,,1.6,,270,,51,,2,-14.2,1016.7,,1027.8,,,9,,9,,,0,0,,,3381,,,-5.5,,-.3,-.4,1,2
108,서울,2024-12-27 08:00,-5.7,,,,1.2,,270,,54,,2.2,-13.5,1017.4,,1028.5,,0,,0,,,,0,0,,,3264,,,-5.5,,-.4,-.5,1,2
108,서울,2024-12-27 09:00,-5.2,,,,1.5,,270,,52,,2.2,-13.5,1017.3,,1028.4,,1,,.33,,,,0,0,,,3612,,,-4.8,,-.4,-.5,1,2
108,서울,2024-12-27 10:00,-2.9,,,,2,,250,,43,,2.1,-13.7,1017.6,,1028.6,,1,,.86,,,,1,0,Ci,,3935,,,-1.7,,-.4,-.6,1,1.9
108,서울,2024-12-27 11:00,-2.2,,,,4,,290,,41,,2.1,-13.7,1017.5,,1028.5,,1,,1.44,,,,0,0,,,2925,,,-.6,,-.3,-.5,1,1.9
108,서울,2024-12-27 12:00,-.8,,,,2.8,,290,,38,,2.2,-13.3,1016.2,,1027.1,,1,,1.78,,,,0,0,,,3639,,,.4,,-.3,-.5,1,1.9
108,서울,2024-12-27 13:00,0,,,,2.4,,290,,37,,2.3,-12.9,1014.9,,1025.8,,1,,1.61,,,,3,0,Ci,,3583,,,.7,,-.3,-.4,1,1.9
108,서울,2024-12-27 14:00,1.7,,,,2.1,,250,,38,,2.6,-11.1,1013.5,,1024.3,,1,,1.51,,,,7,0,Ci,,3374,,,2.1,,-.2,-.4,.9,1.9
108,서울,2024-12-27 15:00,1.1,,,,3.1,,290,,38,,2.5,-11.6,1013.1,,1023.9,,.7,,.99,,,,6,4,ScCi,13,3530,,,.6,,-.2,-.4,.9,1.9
108,서울,2024-12-27 16:00,1.1,,,,2.7,,250,,41,,2.7,-10.7,1012.7,,1023.5,,.5,,.58,,,,3,3,Sc,11,3481,,,-.2,,-.2,-.4,.9,1.9
108,서울,2024-12-27 17:00,.3,,,,2.8,,250,,47,,2.9,-9.7,1012.5,,1023.4,,.1,,.17,,,,3,3,Sc,14,3341,,,-.2,,-.2,-.3,.9,1.9
108,서울,2024-12-27 18:00,-.6,,,,2.4,,250,,53,,3.1,-9,1012.6,,1023.5,,0,,.02,,,,4,4,Sc,11,2990,,,-.4,,-.2,-.3,.9,1.9
108,서울,2024-12-27 19:00,-1,,,,2.8,,270,,58,,3.3,-8.2,1012.5,,1023.4,,,9,,9,,,5,5,,14,2993,,,-.9,,-.2,-.3,.9,1.9
108,서울,2024-12-27 20:00,-1.4,,,,2.5,,270,,63,,3.5,-7.5,1012.5,,1023.4,,,9,,9,,,5,5,,10,2925,,,-1.4,,-.2,-.4,.9,1.9
108,서울,2024-12-27 21:00,-1.3,,0,,2.6,,250,,69,,3.8,-6.2,1012.6,,1023.5,,,9,,9,,,8,8,Sc,8,2612,,05,-1.6,,-.2,-.4,.9,1.9
108,서울,2024-12-27 22:00,-1.2,,,9,3.7,,270,,68,,3.8,-6.3,1012.6,,1023.5,,,9,,9,,,9,9,Sc,9,2586,,05,-1.7,,-.2,-.4,.9,1.9
108,서울,2024-12-27 23:00,-2.6,,,9,3.8,,270,,56,,2.8,-10.1,1013.4,,1024.4,,,9,,9,,,5,5,Sc,14,3069,,05,-2.8,,-.2,-.4,.9,1.9
108,서울,2024-12-28 00:00,-3.6,,0,,3.2,,290,,57,,2.7,-10.9,1013.4,,1024.4,,,9,,9,,,0,0,,,2926,,,-3.9,,-.3,-.4,.9,1.9
108,서울,2024-12-28 01:00,-4.3,,,,1.5,,320,,56,,2.5,-11.7,1012.8,,1023.8,,,9,,9,,,0,0,,,2868,,,-4.5,,-.3,-.4,.9,1.9
108,서울,2024-12-28 02:00,-5.1,,,,1.4,,320,,57,,2.4,-12.3,1012.4,,1023.5,,,9,,9,,,0,0,,,2623,,,-5,,-.4,-.5,.9,1.8
108,서울,2024-12-28 03:00,-5.4,,,,1.4,,250,,57,,2.3,-12.5,1012.6,,1023.7,,,9,,9,,,0,0,,,2641,,,-5.3,,-.4,-.5,1,1.9
108,서울,2024-12-28 04:00,-5.3,,,,2.2,,270,,58,,2.4,-12.2,1012.6,,1023.7,,,9,,9,,,0,0,,,2511,,,-5.4,,-.5,-.6,1,1.9
108,서울,2024-12-28 05:00,-5.4,,,,4.4,,270,,51,,2.1,-13.9,1012.6,,1023.7,,,9,,9,,,0,0,,,3047,,,-5.6,,-.5,-.6,.9,1.9
108,서울,2024-12-28 06:00,-5.7,,,,3.1,,270,,48,,1.9,-14.9,1013,,1024.1,,,9,,9,,,0,0,,,3181,,,-5.8,,-.6,-.7,.9,1.9
108,서울,2024-12-28 07:00,-6.2,,,,1.8,,250,,49,,1.9,-15.1,1013.3,,1024.4,,,9,,9,,,0,0,,,3283,,,-6.1,,-.6,-.8,.9,1.9
108,서울,2024-12-28 08:00,-6.5,,,,1.5,,270,,50,,1.9,-15.2,1013.6,,1024.7,,0,,0,,,,0,0,,,3082,,,-6.1,,-.7,-.8,.9,1.9
108,서울,2024-12-28 09:00,-6,,,,1.5,,290,,48,,1.9,-15.2,1014,,1025.1,,1,,.33,,,,0,0,,,3117,,,-5.4,,-.8,-.9,.9,1.9
108,서울,2024-12-28 10:00,-4.3,,,,2.3,,290,,43,,1.9,-15,1014.6,,1025.7,,1,,.9,,,,0,0,,,3491,,,-2.3,,-.8,-.9,.9,1.9
108,서울,2024-12-28 11:00,-3.2,,,,3.4,,290,,38,,1.8,-15.5,1014.5,,1025.5,,1,,1.46,,,,0,0,,,3652,,,-.7,,-.7,-.8,.9,1.9
108,서울,2024-12-28 12:00,-1.7,,,,2.6,,290,,39,,2.1,-13.8,1013.6,,1024.5,,1,,1.81,,,,0,0,,,3076,,,.4,,-.6,-.7,.8,1.8
108,서울,2024-12-28 13:00,-.8,,,,3.4,,290,,40,,2.3,-12.7,1012.9,,1023.8,,1,,1.96,,,,0,0,,,3509,,,2.2,,-.5,-.6,.8,1.8
108,서울,2024-12-28 14:00,-.3,,,,4.1,,290,,39,,2.3,-12.6,1012.2,,1023.1,,1,,1.88,,,,0,0,,,3790,,,2.9,,-.5,-.6,.8,1.8
108,서울,2024-12-28 15:00,.9,,,,3.2,,270,,38,,2.5,-11.8,1011.9,,1022.7,,1,,1.54,,,,0,0,,,3314,,,1.2,,-.4,-.5,.8,1.8
108,서울,2024-12-28 16:00,.2,,,,4,,270,,42,,2.6,-11.2,1012.1,,1023,,.9,,.85,,,,1,1,Sc,15,3094,,,-.2,,-.4,-.5,.8,1.8
108,서울,2024-12-28 17:00,-.5,,,,3,,270,,47,,2.8,-10.4,1012.1,,1023,,.4,,.27,,,,1,1,Sc,14,3262,,,-.4,,-.4,-.5,.8,1.8
108,서울,2024-12-28 18:00,-1.1,,,,2.4,,250,,50,,2.8,-10.2,1012.3,,1023.2,,0,,.01,,,,0,0,,,3006,,,-1,,-.4,-.5,.8,1.8
108,서울,2024-12-28 19:00,-1.4,,,,2.7,,250,,51,,2.8,-10.2,1012.8,,1023.7,,,9,,9,,,0,0,,,3188,,,-1.8,,-.4,-.5,.8,1.8
108,서울,2024-12-28 20:00,-1.7,,,,1.8,,250,,50,,2.7,-10.7,1013.5,,1024.4,,,9,,9,,,0,0,,,3371,,,-2.7,,-.5,-.5,.8,1.8
108,서울,2024-12-28 21:00,-2.3,,,,1.6,,270,,50,,2.6,-11.3,1013.4,,1024.4,,,9,,9,,,0,0,,,3119,,,-3.6,,-.5,-.6,.8,1.8
108,서울,2024-12-28 22:00,-2.9,,,,1,,250,,53,,2.6,-11.1,1013.4,,1024.4,,,9,,9,,,0,0,,,3215,,,-4.1,,-.6,-.7,.8,1.8
108,서울,2024-12-28 23:00,-3.1,,,,.6,,270,,56,,2.7,-10.6,1013.8,,1024.8,,,9,,9,,,7,4,,15,3087,,,-4,,-.7,-.7,.8,1.8
108,서울,2024-12-29 00:00,-2.5,,,,1.2,,20,,56,,2.9,-10,1013.8,,1024.8,,,9,,9,,,9,9,Sc,12,3107,,,-2.8,,-.7,-.7,.8,1.8
108,서울,2024-12-29 01:00,-2,,,,1.1,,270,,56,,3,-9.6,1013.5,,1024.5,,,9,,9,,,9,6,,9,3373,,,-2.4,,-.6,-.7,.8,1.8
108,서울,2024-12-29 02:00,-1.7,,,,1.7,,270,,56,,3,-9.3,1013.4,,1024.3,,,9,,9,,,9,9,,10,3950,,,-2.3,,-.6,-.7,.8,1.8
108,서울,2024-12-29 03:00,-1.5,,,,1.3,,290,,55,,3,-9.3,1013.9,,1024.8,,,9,,9,,,9,9,Sc,11,3969,,,-2.3,,-.5,-.6,.8,1.8
108,서울,2024-12-29 04:00,-1.9,,,,1.3,,270,,57,,3,-9.3,1013.7,,1024.7,,,9,,9,,,3,3,Sc,11,4064,,,-3.3,,-.5,-.6,.8,1.8
108,서울,2024-12-29 05:00,-2.6,,,,1.3,,270,,59,,3,-9.5,1013.8,,1024.8,,,9,,9,,,2,2,Sc,11,3891,,,-4.1,,-.6,-.7,.8,1.8
108,서울,2024-12-29 06:00,-3.1,,,,.1,,0,,62,,3,-9.3,1014,,1025,,,9,,9,,,0,0,,,3484,,,-4.7,,-.6,-.7,.8,1.8
108,서울,2024-12-29 07:00,-3.6,,,,.5,,320,,66,,3.1,-9,1014.6,,1025.6,,,9,,9,,,0,0,,,3756,,,-5,,-.7,-.8,.8,1.8
108,서울,2024-12-29 08:00,-4.1,,,,1.9,,20,,66,,3,-9.5,1015.3,,1026.4,,0,,0,,,,0,0,,,3422,,,-5.1,,-.8,-.9,.8,1.8
108,서울,2024-12-29 09:00,-3.8,,,,2.2,,50,,67,,3.1,-9,1015.6,,1026.7,,1,,.31,,,,0,0,,,3062,,,-4.3,,-.9,-.9,.8,1.8
108,서울,2024-12-29 10:00,-1.1,,,,2,,50,,60,,3.4,-7.8,1015.8,,1026.7,,1,,.86,,,,0,0,,,2955,,,-1.4,,-.8,-.9,.7,1.7
108,서울,2024-12-29 11:00,1,,,,1.3,,360,,51,,3.3,-8,1016,,1026.9,,1,,1.42,,,,0,0,,,3012,,,0,,-.6,-.8,.7,1.7
108,서울,2024-12-29 12:00,3.7,,,,1.5,,200,,43,,3.4,-7.7,1015.1,,1025.8,,1,,1.72,,,,2,0,Ci,,3313,,,3.4,,-.5,-.7,.6,1.6
108,서울,2024-12-29 13:00,5,,,,2.3,,230,,36,,3.1,-8.8,1014.8,,1025.5,,1,,1.9,,,,2,0,Ci,,3727,,,5.5,,-.4,-.6,.6,1.6
108,서울,2024-12-29 14:00,5.3,,,,2,,270,,38,,3.4,-7.9,1013.9,,1024.6,,1,,1.81,,,,2,2,Sc,10,3477,,,5.7,,-.3,-.5,.6,1.6
108,서울,2024-12-29 15:00,5.1,,,,1.6,,270,,39,,3.4,-7.7,1013.4,,1024.1,,.5,,1.03,,,,8,8,Sc,10,3267,,,2.7,,-.3,-.5,.6,1.6
108,서울,2024-12-29 16:00,4.6,,,,1.1,,290,,42,,3.6,-7.2,1013.6,,1024.3,,0,,.31,,,,9,9,Sc,9,3246,,,.9,,-.3,-.5,.6,1.6
108,서울,2024-12-29 17:00,4.3,,,,2,,200,,48,,4,-5.7,1013,,1023.7,,0,,.11,,,,8,8,Sc,8,3261,,,-.1,,-.2,-.4,.6,1.6
108,서울,2024-12-29 18:00,3.9,,,,.8,,110,,50,,4.1,-5.5,1012.3,,1023,,0,,.02,,,,8,7,ScCi,12,3212,,,-.2,,-.3,-.5,.6,1.6
108,서울,2024-12-29 19:00,3.5,,,,1.5,,140,,56,,4.4,-4.4,1012.9,,1023.6,,,9,,9,,,0,0,,,2899,,,-.2,,-.2,-.4,.6,1.6
108,서울,2024-12-29 20:00,3,,,,1.7,,90,,63,,4.8,-3.3,1013.1,,1023.8,,,9,,9,,,0,0,,,2434,,,-.3,,-.2,-.4,.6,1.6
108,서울,2024-12-29 21:00,2.6,,,,1.2,,50,,64,,4.7,-3.5,1012.9,,1023.6,,,9,,9,,,7,7,Sc,14,2271,,,-.3,,-.2,-.4,.6,1.6
108,서울,2024-12-29 22:00,2.4,,,,2.3,,50,,66,,4.8,-3.3,1012.2,,1023,,,9,,9,,,9,9,,13,2150,,,-.3,,-.2,-.4,.6,1.6
108,서울,2024-12-29 23:00,2.3,,,,2.1,,50,,67,,4.8,-3.2,1011.2,,1021.9,,,9,,9,,,7,7,,11,2190,,,-.3,,-.2,-.4,.7,1.6
108,서울,2024-12-30 00:00,2.1,,,,2,,20,,69,,4.9,-3,1010.8,,1021.6,,,9,,9,,,7,7,Sc,9,2043,,,-.4,,-.2,-.4,.7,1.6
108,서울,2024-12-30 01:00,2.1,,,,1.6,,50,,69,,4.9,-3,1010.5,,1021.2,,,9,,9,,,9,7,,10,2074,,,-.4,,-.2,-.4,.6,1.6
108,서울,2024-12-30 02:00,2.1,,,,.9,,70,,69,,4.9,-3,1010.4,,1021.1,,,9,,9,,,9,2,,12,1988,,,-.4,,-.2,-.4,.6,1.6
108,서울,2024-12-30 03:00,2.3,,,,1.4,,50,,70,,5,-2.6,1010.4,,1021.1,,,9,,9,,,9,9,Sc,13,1936,,,-.4,,-.2,-.4,.6,1.6
108,서울,2024-12-30 04:00,2.3,,,,1.2,,50,,71,,5.1,-2.4,1010,,1020.7,,,9,,9,,,9,9,Sc,11,1838,,,-.4,,-.2,-.4,.6,1.6
108,서울,2024-12-30 05:00,2.4,,,,1.3,,50,,70,,5.1,-2.5,1009.8,,1020.5,,,9,,9,,,9,9,Sc,17,1761,,,-.4,,-.2,-.4,.6,1.6
108,서울,2024-12-30 06:00,2.5,,,,1.3,,50,,71,,5.2,-2.2,1009.4,,1020.1,,,9,,9,,,9,9,Sc,16,1621,,,-.4,,-.2,-.4,.6,1.5
108,서울,2024-12-30 07:00,2.7,,,,1.4,,20,,73,,5.4,-1.6,1009.2,,1019.9,,,9,,9,,,9,9,Sc,9,1496,,,-.4,,-.2,-.4,.6,1.6
108,서울,2024-12-30 08:00,2.7,,,,1.7,,20,,73,,5.4,-1.6,1009,,1019.7,,0,,0,,,,8,8,Sc,15,1385,,,-.5,,-.2,-.4,.6,1.6
108,서울,2024-12-30 09:00,2.8,,,,1.2,,50,,76,,5.7,-1,1009.1,,1019.8,,0,,.11,,,,8,8,Sc,15,1348,,,-.4,,-.2,-.3,.6,1.6
108,서울,2024-12-30 10:00,4,,,,.9,,50,,73,,5.9,-.4,1008.9,,1019.5,,0,,.4,,,,7,7,Sc,16,1244,,,-.3,,-.2,-.3,.6,1.6
108,서울,2024-12-30 11:00,5.7,,,,.5,,90,,71,,6.5,.8,1008.7,,1019.3,,.3,,.66,,,,4,4,Sc,12,1226,,,.9,,-.2,-.3,.6,1.6
108,서울,2024-12-30 12:00,9.3,,,,3.7,,200,,61,,7.1,2.1,1007.6,,1018,,.8,,1.55,,,,3,3,Sc,13,1313,,,7.2,,-.2,-.3,.6,1.5
108,서울,2024-12-30 13:00,9.9,,,,4.8,,230,,55,,6.7,1.2,1006.6,,1017,,.8,,1.58,,,,4,4,Sc,9,1399,,,6.6,,-.2,-.3,.8,1.7
108,서울,2024-12-30 14:00,9.7,,,,5.5,,230,,53,,6.3,.5,1006,,1016.4,,.3,,.78,,,,4,4,Sc,13,1380,,,5.5,,-.1,-.3,.8,1.7
108,서울,2024-12-30 15:00,9.1,,,,5.4,,230,,56,,6.4,.7,1005.8,,1016.2,,.3,,.67,,,,7,6,ScCi,11,1251,,,3.8,,-.1,-.3,.8,1.7
108,서울,2024-12-30 16:00,8.8,,,,3.2,,250,,62,,7,1.9,1005.5,,1015.9,,.1,,.39,,,,8,7,ScCi,9,1178,,,3,,-.1,-.3,.8,1.7
108,서울,2024-12-30 17:00,8.2,,,,4.1,,250,,66,,7.2,2.2,1005.7,,1016.1,,0,,.13,,,,8,4,ScCi,8,1054,,,2,,-.1,-.3,.8,1.7
108,서울,2024-12-30 18:00,7.8,,,,3.6,,250,,66,,7,1.8,1005.6,,1016.1,,0,,.02,,,,8,8,Sc,8,1053,,,1.4,,-.1,-.3,.8,1.7
108,서울,2024-12-30 19:00,6.9,,,,2.4,,250,,66,,6.5,.9,1005.4,,1015.9,,,9,,9,,,6,3,,58,1036,,,-.3,,-.1,-.3,.8,1.7
108,서울,2024-12-30 20:00,6.1,,,,2.6,,250,,68,,6.4,.6,1005.3,,1015.8,,,9,,9,,,6,6,,73,1018,,,-.2,,-.1,-.3,.8,1.7
108,서울,2024-12-30 21:00,5.6,,,,2.7,,270,,67,,6.1,0,1005.4,,1016,,,9,,9,,,6,0,Ci,,1053,,,-.2,,-.1,-.3,.8,1.7
108,서울,2024-12-30 22:00,4.9,,,,2.4,,270,,71,,6.1,0,1005.6,,1016.2,,,9,,9,,,0,0,,,906,,40,-.2,,-.1,-.3,.8,1.7
108,서울,2024-12-30 23:00,4.1,,,,.7,,250,,75,,6.1,0,1005.4,,1016,,,9,,9,,,0,0,,,754,,40,-.2,,-.1,-.3,.8,1.7
108,서울,2024-12-31 00:00,4.8,,0,,2.3,,250,,81,,7,1.8,1005.2,,1015.8,,,9,,9,,,9,9,,,563,,401901,-.2,,-.1,-.3,.8,1.7
108,서울,2024-12-31 01:00,3.8,,,9,2.5,,270,,65,,5.2,-2.1,1005.6,,1016.2,,,9,,9,,,0,0,,,909,,401901,-.2,,-.1,-.3,.8,1.7
108,서울,2024-12-31 02:00,2.9,,,9,3.9,,290,,56,,4.2,-5,1006.2,,1016.9,,,9,,9,,,0,0,,,1137,,40,-.4,,-.1,-.3,.8,1.7
108,서울,2024-12-31 03:00,2,,0,,3.2,,290,,53,,3.8,-6.5,1007.2,,1017.9,,,9,,9,,,0,0,,,1267,,,-.6,,-.1,-.3,.8,1.7
108,서울,2024-12-31 04:00,1,,,9,3.3,,270,,50,,3.3,-8.2,1007.2,,1018,,,9,,9,,,0,0,,,1557,,,-.9,,-.2,-.3,.8,1.7
108,서울,2024-12-31 05:00,.2,,,9,2.7,,270,,49,,3,-9.2,1007.4,,1018.2,,,9,,9,,,0,0,,,1802,,,-1.2,,-.2,-.3,.8,1.7
108,서울,2024-12-31 06:00,-.6,,,9,2.4,,290,,48,,2.8,-10.2,1008.3,,1019.1,,,9,,9,,,0,0,,,2250,,,-1.7,,-.2,-.3,.8,1.7
108,서울,2024-12-31 07:00,-1,,,9,3,,290,,49,,2.8,-10.3,1009.1,,1020,,,9,,9,,,0,0,,,2556,,,-2.3,,-.2,-.3,.7,1.6
108,서울,2024-12-31 08:00,-1.8,,,9,1.3,,320,,51,,2.7,-10.6,1010,,1020.9,,0,,0,,,,0,0,,,2725,,,-2.8,,-.2,-.3,.7,1.6
108,서울,2024-12-31 09:00,-1.5,,,9,2,,270,,49,,2.7,-10.8,1010.7,,1021.6,,1,,.32,,,,0,0,,,3049,,,-2.5,,-.2,-.3,.7,1.6
108,서울,2024-12-31 10:00,.2,,,9,3.1,,270,,42,,2.6,-11.2,1011.5,,1022.3,,1,,.93,,,,0,0,,,3198,,,-.7,,-.1,-.3,.7,1.6
108,서울,2024-12-31 11:00,1.1,,,9,3.4,,290,,38,,2.5,-11.6,1011.7,,1022.5,,1,,1.48,,,,0,0,,,4058,,,-.3,,-.2,-.3,.7,1.6
108,서울,2024-12-31 12:00,1.9,,,9,2.5,,290,,35,,2.5,-11.9,1011.1,,1021.9,,1,,1.86,,,,0,0,,,3889,,,1,,-.2,-.3,.7,1.6
108,서울,2024-12-31 13:00,2.4,,,9,3.8,,290,,32,,2.3,-12.6,1010.4,,1021.1,,1,,1.98,,,,0,0,,,3704,,,3.1,,-.2,-.3,.7,1.6
108,서울,2024-12-31 14:00,3.5,,,9,2.7,,270,,30,,2.4,-12.4,1009.8,,1020.5,,1,,1.91,,,,0,0,,,3926,,,4.6,,-.2,-.3,.7,1.6
108,서울,2024-12-31 15:00,3.9,,,9,2.4,,270,,30,,2.4,-12.1,1009.9,,1020.6,,1,,1.59,,,,0,0,,,4227,,,3,,-.2,-.3,.8,1.7
108,서울,2024-12-31 16:00,3.9,,,9,2.9,,250,,34,,2.8,-10.5,1010.1,,1020.8,,1,,1.06,,,,0,0,,,3396,,,.5,,-.1,-.3,.8,1.7
108,서울,2024-12-31 17:00,2.5,,,9,3.4,,270,,37,,2.7,-10.7,1010.2,,1020.9,,1,,.42,,,,0,0,,,3570,,,-.2,,-.1,-.3,.8,1.7
108,서울,2024-12-31 18:00,1.2,,,9,3.1,,250,,40,,2.7,-10.9,1010.8,,1021.6,,0,,.02,,,,0,0,,,3672,,,-.4,,-.2,-.2,.9,1.7
108,서울,2024-12-31 19:00,.5,,,9,1.9,,270,,46,,2.9,-9.8,1011.3,,1022.1,,,9,,9,,,0,0,,,3760,,,-.6,,-.2,-.3,.9,1.7
108,서울,2024-12-31 20:00,0,,,9,2.4,,250,,48,,2.9,-9.7,1011.4,,1022.3,,,9,,9,,,0,0,,,3645,,,-.9,,-.4,-.3,.9,1.7
108,서울,2024-12-31 21:00,-.7,,,9,1,,270,,51,,3,-9.6,1011.5,,1022.4,,,9,,9,,,0,0,,,3794,,,-1.3,,-.3,-.3,.9,1.7
108,서울,2024-12-31 22:00,-1,,,9,.7,,320,,53,,3,-9.3,1011.6,,1022.5,,,9,,9,,,0,0,,,3779,,,-1.9,,-.3,-.3,.9,1.7
108,서울,2024-12-31 23:00,-1.4,,,9,1.3,,250,,56,,3.1,-9,1011.7,,1022.6,,,9,,9,,,0,0,,,3412,,,-2.6,,-.3,-.3,.9,1.7
